--
-- PostgreSQL database dump
--

-- Dumped from database version 8.4.8
-- Dumped by pg_dump version 9.1.3
-- Started on 2012-05-13 20:13:56

SET statement_timeout = 0;
SET client_encoding = 'UTF8';
SET standard_conforming_strings = off;
SET check_function_bodies = false;
SET client_min_messages = warning;
SET escape_string_warning = off;

SET search_path = public, pg_catalog;

SET default_tablespace = '';

SET default_with_oids = false;

--
-- TOC entry 146 (class 1259 OID 16637)
-- Dependencies: 3
-- Name: article; Type: TABLE; Schema: public; Owner: factura; Tablespace: 
--

CREATE TABLE article (
    cod_a character varying(10) NOT NULL,
    descrip character varying(50),
    preu numeric(6,2),
    stock numeric(4,0),
    stock_min numeric(4,0),
    cod_cat character varying(15)
);


ALTER TABLE public.article OWNER TO factura;

--
-- TOC entry 140 (class 1259 OID 16562)
-- Dependencies: 3
-- Name: categoria; Type: TABLE; Schema: public; Owner: factura; Tablespace: 
--

CREATE TABLE categoria (
    cod_cat character varying(15) NOT NULL,
    descripcio character varying(50)
);


ALTER TABLE public.categoria OWNER TO factura;

--
-- TOC entry 143 (class 1259 OID 16592)
-- Dependencies: 3
-- Name: client; Type: TABLE; Schema: public; Owner: factura; Tablespace: 
--

CREATE TABLE client (
    cod_cli numeric(5,0) NOT NULL,
    nom character varying(100),
    adreca character varying(100),
    cp numeric(5,0),
    cod_pob numeric(5,0)
);


ALTER TABLE public.client OWNER TO factura;

--
-- TOC entry 145 (class 1259 OID 16617)
-- Dependencies: 3
-- Name: factura; Type: TABLE; Schema: public; Owner: factura; Tablespace: 
--

CREATE TABLE factura (
    num_f numeric(5,0) NOT NULL,
    data date,
    cod_cli numeric(5,0) NOT NULL,
    cod_ven numeric(5,0),
    iva numeric(2,0),
    dte numeric(2,0)
);


ALTER TABLE public.factura OWNER TO factura;

--
-- TOC entry 147 (class 1259 OID 16647)
-- Dependencies: 3
-- Name: linia_fac; Type: TABLE; Schema: public; Owner: factura; Tablespace: 
--

CREATE TABLE linia_fac (
    num_f numeric(5,0) NOT NULL,
    num_l numeric(3,0) NOT NULL,
    cod_a character varying(10) NOT NULL,
    quant numeric(5,0),
    preu numeric(6,2),
    dte numeric(2,0)
);


ALTER TABLE public.linia_fac OWNER TO factura;

--
-- TOC entry 142 (class 1259 OID 16582)
-- Dependencies: 3
-- Name: poble; Type: TABLE; Schema: public; Owner: factura; Tablespace: 
--

CREATE TABLE poble (
    cod_pob numeric(5,0) NOT NULL,
    nom character varying(50),
    cod_pro numeric(2,0)
);


ALTER TABLE public.poble OWNER TO factura;

--
-- TOC entry 141 (class 1259 OID 16577)
-- Dependencies: 3
-- Name: provincia; Type: TABLE; Schema: public; Owner: factura; Tablespace: 
--

CREATE TABLE provincia (
    cod_pro numeric(2,0) NOT NULL,
    nom character varying(50)
);


ALTER TABLE public.provincia OWNER TO factura;

--
-- TOC entry 144 (class 1259 OID 16602)
-- Dependencies: 3
-- Name: venedor; Type: TABLE; Schema: public; Owner: factura; Tablespace: 
--

CREATE TABLE venedor (
    cod_ven numeric(5,0) NOT NULL,
    nom character varying(100),
    adreca character varying(100),
    cp numeric(5,0),
    cod_pob numeric(5,0),
    cod_cap numeric(5,0)
);


ALTER TABLE public.venedor OWNER TO factura;

--
-- TOC entry 1829 (class 0 OID 16637)
-- Dependencies: 146
-- Data for Name: article; Type: TABLE DATA; Schema: public; Owner: factura
--

INSERT INTO article VALUES ('L92212', 'Sofito 60 W', 1.03, 2, 1, NULL);
INSERT INTO article VALUES ('P1044', 'Cruzamiento Plastimetal', 1.48, NULL, NULL, NULL);
INSERT INTO article VALUES ('L76010', 'Base Enchufe T.t. 1 M. Legrand Se', 1.67, 14, 2, 'Legrand');
INSERT INTO article VALUES ('L76011', 'Toma Altavoz 1 M. Legrand Serie M', 1.85, NULL, 12, 'Legrand');
INSERT INTO article VALUES ('L76014', 'Toma Telefono 2 M. Legrand Serie', 2.18, 13, 8, 'Legrand');
INSERT INTO article VALUES ('L76041', 'Cortacircuitos 10 A. 1 M. Legrand', 4.70, 2, 1, 'Legrand');
INSERT INTO article VALUES ('L76046', 'Cortacircuitos 16a. 1 M. Legrand', 5.39, 5, 5, 'Legrand');
INSERT INTO article VALUES ('L76104', 'Pulsador Pus Legrang Mosaic', 1.65, 8, 2, 'Legrand');
INSERT INTO article VALUES ('L76114', 'Pulsador Legrand Mosaic Campana P', 1.97, NULL, 10, 'Legrand');
INSERT INTO article VALUES ('L76121', 'Pulsador Legrand Mosaic Luz Plano', 1.36, 14, 9, 'Legrand');
INSERT INTO article VALUES ('L76126', 'Pieza 3 E. Legrand Serie Mosaic', 2.19, 7, 6, 'Legrand');
INSERT INTO article VALUES ('L76138', 'Pieza 4 E. Legrand Serie Mosaic', 1.14, 20, 18, 'Legrand');
INSERT INTO article VALUES ('L76165', 'Pieza 1 E. Legrand Serie Mosaic', 4.21, 7, 7, 'Legrand');
INSERT INTO article VALUES ('L76176', 'Placa 1 E. Legrand Serie Mosaic', 4.06, 2, 1, 'Legrand');
INSERT INTO article VALUES ('L76177', 'Placa 2 E. Legrnad Serie Mosaic', 2.76, 5, 4, NULL);
INSERT INTO article VALUES ('L76179', 'Placa 1 E. Legrand Serie Mosaic', 3.16, 4, 1, 'Legrand');
INSERT INTO article VALUES ('L76424', 'Placa 2 E. Legrand Serie Mosaic', 2.90, 5, 2, 'Legrand');
INSERT INTO article VALUES ('L76425', 'Placa 3 E. Legrand Serie Mosaic', 3.16, 6, 5, 'Legrand');
INSERT INTO article VALUES ('L76427', 'Placa 4 E. Legrand Serie Mosaic', 3.16, 1, 1, 'Legrand');
INSERT INTO article VALUES ('L77205', 'Placa 6 E. Legrand Serie Mosaic', 0.60, 28, 5, 'Legrand');
INSERT INTO article VALUES ('L77207', 'Placa 6 E. Con Visor Legrand Seri', 0.68, 37, 19, 'Legrand');
INSERT INTO article VALUES ('L77211', 'Pieza Y Placa 6-6 E. Legrand Seri', 0.97, NULL, 8, 'Legrand');
INSERT INTO article VALUES ('L77220', 'Lampara Legrand 220v', 0.32, 9, 4, 'Legrand');
INSERT INTO article VALUES ('L77251', 'Interruptor Legrang Galion', 0.58, 26, 21, 'Legrand');
INSERT INTO article VALUES ('L77252', 'Conmutador Legrang Galion', 0.48, 14, 8, 'Legrand');
INSERT INTO article VALUES ('L77253', 'Doble Interruptor Legrand Galion', 1.29, 16, 10, 'Legrand');
INSERT INTO article VALUES ('L77254', 'Pulsador Legran Superficie', 1.29, 9, 6, 'Legrand');
INSERT INTO article VALUES ('L77255', 'Toma Corriente Superficie Legrand', 0.80, 28, 13, 'Legrand');
INSERT INTO article VALUES ('L77256', 'Base Enchufe Tt Legrand Superfici', 1.08, NULL, 23, 'Legrand');
INSERT INTO article VALUES ('L77258', 'Interruptor Legrand Diplomat', 1.39, 13, 3, 'Legrand');
INSERT INTO article VALUES ('L77708', 'Conmutador Legrand Diplomat', 3.13, 7, 1, 'Legrand');
INSERT INTO article VALUES ('L77712', 'Doble Interruptor Legrand Diploma', 10.94, 2, 1, 'Legrand');
INSERT INTO article VALUES ('L78008', 'Cruzamiento Legrand Diplomat', 1.22, NULL, 6, 'Legrand');
INSERT INTO article VALUES ('L83000', 'Pulsador Legrand Diplomat', 2.60, 1, 1, 'Legrand');
INSERT INTO article VALUES ('L83001', 'Toma De Corriente Tt Lateral Legr', 2.90, 5, 5, NULL);
INSERT INTO article VALUES ('L83002', 'Doble Conmutador Legrand Diplomat', 4.60, 1, 1, 'Legrand');
INSERT INTO article VALUES ('L83005', 'Adaptador Legrand Luminoso', 3.31, 5, 2, 'Legrand');
INSERT INTO article VALUES ('L83021', 'Difusor Legrnad Incoloro', 1.85, 13, 13, NULL);
INSERT INTO article VALUES ('L83029', 'Difusor Para Tapa Legrand Serie D', 3.39, 5, 4, 'Legrand');
INSERT INTO article VALUES ('L85300', 'Adaptador Legrand Rojo', 2.35, 8, 1, 'Legrand');
INSERT INTO article VALUES ('L85301', 'Difusor Legrand Rojo Timbre', 2.82, 1, 1, 'Legrand');
INSERT INTO article VALUES ('L85302', 'Difusor Legrand Rojo Luz', 3.40, 4, 4, 'Legrand');
INSERT INTO article VALUES ('L85304', 'Regulador De Luz 600w Legrand Dip', 4.05, 6, 1, 'Legrand');
INSERT INTO article VALUES ('L85310', 'Toma Lateral Legrand Diplomat Mar', 2.56, 1, 1, 'Legrand');
INSERT INTO article VALUES ('L85318', 'Toma Lateral Legrand Diplomat Bei', 1.40, 1, 1, 'Legrand');
INSERT INTO article VALUES ('L85320', 'Toma Lateral Legrand Diplomat', 5.86, 3, 2, 'Legrand');
INSERT INTO article VALUES ('L85323', 'Tpma Desplazada Legrand Diplomat', 1.54, 16, 9, 'Legrand');
INSERT INTO article VALUES ('L85390', 'Toma Desplazada Legrand Diplomat', 0.26, 39, 31, 'Legrand');
INSERT INTO article VALUES ('L85392', 'Toma Desplazada Legrand Diplomat', 0.27, 76, 5, 'Legrand');
INSERT INTO article VALUES ('L85393', 'Toma Desplazada Legrand Diplomat', 0.41, NULL, 38, 'Legrand');
INSERT INTO article VALUES ('L85396', 'Toma Lateral Legrand Diplomat Mok', 0.48, 17, 13, 'Legrand');
INSERT INTO article VALUES ('L85397', 'Toma Lateral Legrand Diplomat Bla', 0.44, 46, 39, 'Legrand');
INSERT INTO article VALUES ('L85410', 'Marco Legrand 1 Elemento Marfil', 20.82, 1, 1, 'Legrand');
INSERT INTO article VALUES ('L85445', 'Marco Legrand 2 Elementos Marfil', 2.36, 6, 4, 'Legrand');
INSERT INTO article VALUES ('L85447', 'Marco Legrand 3 Elementos Marfil', 2.33, 5, 4, 'Legrand');
INSERT INTO article VALUES ('L85450', 'Marco Legrand 1 Elemento Beige', 3.73, 7, 4, 'Legrand');
INSERT INTO article VALUES ('L85457', 'Marco Legrand 2 Elementos Beige', 2.61, 10, 4, 'Legrand');
INSERT INTO article VALUES ('L85458', 'Marco Legrand 3 Elementos Beige', 2.80, 9, 9, 'Legrand');
INSERT INTO article VALUES ('L85459', 'Tecla Legrand Marfil', 2.80, 8, 4, 'Legrand');
INSERT INTO article VALUES ('L85460', 'Tecla Doble Interruptor Legrang D', 2.61, 10, 3, 'Legrand');
INSERT INTO article VALUES ('L85487', 'Tecla Legrand Beige', 2.33, 11, 11, 'Legrand');
INSERT INTO article VALUES ('L85489', 'Tecla Legrand Difusores Marfil', 2.28, 3, 3, 'Legrand');
INSERT INTO article VALUES ('L85500', 'Tecla Difusores Legrand Beige', 0.64, 23, 16, 'Legrand');
INSERT INTO article VALUES ('L85501', 'Marco Legrand 1 Elemento Moka', 1.08, 24, 10, 'Legrand');
INSERT INTO article VALUES ('L85502', 'Marco Legrand 2 Elementos Moka', 1.74, 10, 8, 'Legrand');
INSERT INTO article VALUES ('L85508', 'Marco Legrand 3 Elementos Moka', 0.67, 8, 1, 'Legrand');
INSERT INTO article VALUES ('L85509', 'Marco Legrand 1 Elemento Blanco', 1.08, 9, 5, 'Legrand');
INSERT INTO article VALUES ('L85510', 'Marco Legrand 2 Elementos Blanco', 1.97, 10, 6, 'Legrand');
INSERT INTO article VALUES ('L85512', 'Marco Legrand 3 Elementos Blanco', 1.36, NULL, 9, 'Legrand');
INSERT INTO article VALUES ('L85514', 'Tecla Legran Moka', 1.74, 2, 1, 'Legrand');
INSERT INTO article VALUES ('L85522', 'Tecla Difusores Legrand Moka', 1.53, 6, 6, 'Legrand');
INSERT INTO article VALUES ('L85526', 'Tecla Legrand Blanco', 1.47, 5, 4, 'Legrand');
INSERT INTO article VALUES ('L85532', 'Tapa Para Interruptor Blanco Legr', 1.50, 2, 1, NULL);
INSERT INTO article VALUES ('L85540', 'Tecla Doble Legrand Dipromat', 0.66, NULL, 5, 'Legrand');
INSERT INTO article VALUES ('Zp605', 'Caja De Proteccion 125a', 1.93, 10, 2, NULL);
INSERT INTO article VALUES ('L85541', 'Marco Legrand 1 Elemento Bronce', 1.07, 6, 4, 'Legrand');
INSERT INTO article VALUES ('L85542', 'Marco Legrand 2 Elementos Bronce', 1.77, 7, 1, 'Legrand');
INSERT INTO article VALUES ('L85545', 'Marco Legrand 3 Elementos Bronce', 0.64, 41, 5, 'Legrand');
INSERT INTO article VALUES ('L85546', 'Tecla Difusores Legrand Bronce', 1.05, 13, 5, 'Legrand');
INSERT INTO article VALUES ('L85547', 'Tecla Base Tt Lateral Legrang Dip', 1.74, 14, NULL, 'Legrand');
INSERT INTO article VALUES ('L85650', 'Tecla C/c Legrang Diplomat Blanco', 1.53, 1, 1, 'Legrand');
INSERT INTO article VALUES ('L85651', 'Toma De Corriente Legrand Diploma', 1.56, 2, 1, 'Legrand');
INSERT INTO article VALUES ('L85660', 'Cortacircuito Legrang Diplomat', 1.51, 1, 1, 'Legrand');
INSERT INTO article VALUES ('L85661', 'Toma De Corriente Normal Legrang', 1.48, 10, 2, 'Legrand');
INSERT INTO article VALUES ('L85664', 'Toma Corriente Despl Tt Legrang D', 1.88, 4, 1, 'Legrand');
INSERT INTO article VALUES ('L85683', 'Toma De Telefono Legrang Diplomat', 2.45, 7, 6, 'Legrand');
INSERT INTO article VALUES ('L85684', 'Tecla Base Legrang Diplomat Blanc', 4.06, 4, 4, 'Legrand');
INSERT INTO article VALUES ('L85685', 'Tecla Base Legrang Diplomat Marfi', 5.69, 2, 1, 'Legrand');
INSERT INTO article VALUES ('L85706', 'Tecla Base Tt Lateral Legrang Dip', 3.16, 6, 2, 'Legrand');
INSERT INTO article VALUES ('L85725', 'Tecla Base Lateral Legrang Diplom', 0.61, 26, 14, 'Legrand');
INSERT INTO article VALUES ('L85803', 'Toma Telefono Blanco Legrand Seri', 1.98, 15, 8, 'Legrand');
INSERT INTO article VALUES ('L85943', 'Caja 1 E. Legrand Serie Mosaic', 3.95, 3, 2, 'Legrand');
INSERT INTO article VALUES ('L86221', 'Caja 4 E. Legrnad Serie Mosaic', 2.94, 5, 4, NULL);
INSERT INTO article VALUES ('L86223', 'Caja 6 E. Legrand Serie Mosaic', 1.41, 10, 8, 'Legrand');
INSERT INTO article VALUES ('L86225', 'Caja 3 E. Legrand Serie Mosaic', 2.18, 11, 3, 'Legrand');
INSERT INTO article VALUES ('L86231', 'Caja 2 E. Superficie Legrand Seri', 5.61, 1, 1, 'Legrand');
INSERT INTO article VALUES ('L86330', 'Caja 4 E. Superficie Legrand Seri', 0.92, 8, 2, 'Legrand');
INSERT INTO article VALUES ('L86331', 'Caja 6 E. Superficie Legrand Seri', 0.92, 6, 1, 'Legrand');
INSERT INTO article VALUES ('L86350', 'Caja Legrand 6 - 6 Elem. Legrand', 0.48, 28, 19, 'Legrand');
INSERT INTO article VALUES ('L86351', 'Lampara Pulsador Legrang Superfic', 0.48, 29, 7, 'Legrand');
INSERT INTO article VALUES ('L86390', 'Toma Flexo Legrand Tras Cuadro', 6.67, 3, 3, 'Legrand');
INSERT INTO article VALUES ('L89125', 'Interruptor Legrang Superficie Es', 0.90, 29, 12, 'Legrand');
INSERT INTO article VALUES ('L89126', 'Pulsador Legrang Superficie Estan', 1.08, 10, 8, 'Legrand');
INSERT INTO article VALUES ('L89127', 'Pulsador Legrand Superficie Estan', 1.69, 2, 2, 'Legrand');
INSERT INTO article VALUES ('L89159', 'Pulsador Legrad De Superficie', 0.42, 38, 29, NULL);
INSERT INTO article VALUES ('L89320', 'Caja Empalme 70 Legrand', 1.33, 20, 1, 'Legrand');
INSERT INTO article VALUES ('L89322', 'Caja Empalme 160 X 135', 2.18, 8, 4, NULL);
INSERT INTO article VALUES ('L89333', 'Caja Empalme 220 X 170 Legrand', 2.76, 6, 6, 'Legrand');
INSERT INTO article VALUES ('L89365', 'Caja Empalme 80 Legrand', 8.75, 3, 1, 'Legrand');
INSERT INTO article VALUES ('L89821', 'Caja Empalme 100 X 100 Legrand', 0.61, 23, 11, 'Legrand');
INSERT INTO article VALUES ('L90336', 'Caja Empalme 153 X 110 Legrand', 4.70, 2, 1, 'Legrand');
INSERT INTO article VALUES ('L91800', 'Caja Empalme 310 X 240 Legrand', 3.49, 6, 2, 'Legrand');
INSERT INTO article VALUES ('L91812', 'Regleta Fluorescente 1cx40', 4.10, 1, 1, NULL);
INSERT INTO article VALUES ('L91814', 'Tubo Fluorescente 40w', 4.90, 6, 1, NULL);
INSERT INTO article VALUES ('L91827', 'Portalamparas Doble Enchufe R27', 5.94, 2, 1, NULL);
INSERT INTO article VALUES ('L92010', 'Portalamparas Economico R27', 0.69, 7, 7, NULL);
INSERT INTO article VALUES ('L92117', 'Portalamparas Curbo 14', 4.39, 4, 1, NULL);
INSERT INTO article VALUES ('L92119', 'Portalanparas 14 Curbo', 5.98, 2, 1, NULL);
INSERT INTO article VALUES ('L92222', 'Te De Empalme Carril Iluminado', 1.62, 15, 6, NULL);
INSERT INTO article VALUES ('L92252', 'Aplique Estanco Ovalado', 3.88, 4, 2, NULL);
INSERT INTO article VALUES ('L92282', 'Portolamparas Para Bombilla Aloge', 40.56, 1, 1, NULL);
INSERT INTO article VALUES ('LA1425EC', 'Reactancia Fluorescente 40w', 0.57, 52, 6, NULL);
INSERT INTO article VALUES ('LA1425EM', 'Reactancia Vapor Mercurio 125w', 0.57, 42, 15, NULL);
INSERT INTO article VALUES ('LA1440EC', 'Reactancia Fluerescente 32w', 0.57, 17, 4, NULL);
INSERT INTO article VALUES ('LA1440EM', 'Reactancia Vapor Mercurio 80w', 5.71, 2, 1, NULL);
INSERT INTO article VALUES ('LA1460EC', 'Reactancia Tubo Fluorescente 20w', 0.57, 12, 25, NULL);
INSERT INTO article VALUES ('LA1460EM', 'Reactancia Fluorescente 65w', 0.57, 35, 32, NULL);
INSERT INTO article VALUES ('LA1X40', 'Pantalla Fluorescente 1x40 Difuso', 9.32, 3, 1, NULL);
INSERT INTO article VALUES ('LA2725EC', 'Transformador 12v 50w', 0.57, 51, 20, NULL);
INSERT INTO article VALUES ('LA2740EC', 'Reactancia Vapor Mercurio 400w', 0.57, 12, 5, NULL);
INSERT INTO article VALUES ('LA2760EC', 'Reactancia Vapor Mercurio 250w', 0.57, 32, 20, NULL);
INSERT INTO article VALUES ('LA2760EM', 'Lampara Vapor Mercurio 125w', 0.57, 6, 1, NULL);
INSERT INTO article VALUES ('LA40', 'Poracebador', 1.80, 4, 3, NULL);
INSERT INTO article VALUES ('LAA50', 'Lampara Esf R14 25w Mate', 6.01, 2, 1, NULL);
INSERT INTO article VALUES ('LAC20', 'Doble Interruptor Unesa Metropoli', 0.75, 19, 13, NULL);
INSERT INTO article VALUES ('LAC40', 'Plafon Estanco Ovalado 60 W', 0.75, NULL, 12, NULL);
INSERT INTO article VALUES ('LACO18F', 'Plafon Estanco Cilindrico 100 W', 4.69, 2, 2, NULL);
INSERT INTO article VALUES ('LACU1500', 'Termico Siemens 4 X 25 A', 19.23, 1, 1, NULL);
INSERT INTO article VALUES ('LACU300', 'Centralizacion 3 Mono 1 Comercial', 6.01, 1, 1, NULL);
INSERT INTO article VALUES ('LAD100', 'Regleta Fluorescente 2x20', 0.78, 34, 33, NULL);
INSERT INTO article VALUES ('LAD60', 'Vicera Placa 2 Elementos', 0.78, 25, 17, NULL);
INSERT INTO article VALUES ('LADU16', 'Condensador 18 M Faradios', 11.96, 2, 1, NULL);
INSERT INTO article VALUES ('LADU36', 'Regleta Fluorescente 1x40 W', 13.65, 1, 1, NULL);
INSERT INTO article VALUES ('LAE100', 'Lampara Esf R27 60w Clara', 0.51, 21, 1, NULL);
INSERT INTO article VALUES ('LAE25', 'Lampera Esf R27 40w Mate', 0.51, 57, 11, NULL);
INSERT INTO article VALUES ('LAE40', 'Lampara Esf R27 25w Clara', 0.51, 9, 6, NULL);
INSERT INTO article VALUES ('LAE60', 'Lampara Esf R27 40w Clara', 0.51, 14, 5, NULL);
INSERT INTO article VALUES ('LAF15', 'Lampara Standrd 60w Clara', 2.82, 7, 5, NULL);
INSERT INTO article VALUES ('LAF18L', 'Lampara Standrd 40w Clara', 5.38, 3, 1, NULL);
INSERT INTO article VALUES ('LAF20', 'Tubo Fluorescente 65w Tld', 1.62, 13, 11, NULL);
INSERT INTO article VALUES ('LAF20N', 'Lampara Standrd 25w Clara', 14.42, 2, 1, NULL);
INSERT INTO article VALUES ('LAF22C', 'Tubo Fluorescente 8w', 5.41, 5, 4, NULL);
INSERT INTO article VALUES ('LAF32C', 'Lampara Alogena 50 W', 5.41, 4, 2, NULL);
INSERT INTO article VALUES ('LAF40', 'Tubo Fluorescente 65w', 1.62, 15, 13, NULL);
INSERT INTO article VALUES ('LAF40C', 'Lampara Standrd 100w Clara', 7.21, 2, 1, NULL);
INSERT INTO article VALUES ('LAF40CO', 'Lampara Esf R14 40 Clara', 6.61, 4, 3, NULL);
INSERT INTO article VALUES ('LAF65', 'Lampara Esf R14 25w Clara', 3.31, 6, 6, NULL);
INSERT INTO article VALUES ('LAF65L', 'Lampara Esf R14 60w Mate', 7.33, 1, 1, NULL);
INSERT INTO article VALUES ('LAF8', 'Lampara Esf R14 40w Mate', 4.81, 2, 2, NULL);
INSERT INTO article VALUES ('LAM160', 'Cebador 20 W', 8.41, 3, 2, NULL);
INSERT INTO article VALUES ('LAM250', 'Cebador 40 W', 14.72, 1, 1, NULL);
INSERT INTO article VALUES ('LAMCVO', 'Base Tt Desplazada Bjc Ibiza Blan', 0.90, 18, 18, NULL);
INSERT INTO article VALUES ('LAMP27D', 'Portalamparas Porcelana 27', 1.50, 18, 12, NULL);
INSERT INTO article VALUES ('LAMP27E', 'Pantalla Condifusor A Rallas 1x32', 0.36, 26, 23, NULL);
INSERT INTO article VALUES ('LAMPC14', 'Pantalla Con Protector 1x40w', 0.36, 3, 3, NULL);
INSERT INTO article VALUES ('LAMPT14', 'Protector Tubo Fluorescente 18 W', 0.36, 69, 3, NULL);
INSERT INTO article VALUES ('LAMSOFI', 'Portatubo Fluorescente', 3.61, 3, 2, NULL);
INSERT INTO article VALUES ('LAMTE', 'Regleta Fluorescente 1x20 W', 6.63, 2, 1, NULL);
INSERT INTO article VALUES ('LAOBYO', 'Regleta Fluorescente De 1 X 40 W', 5.41, 1, 1, NULL);
INSERT INTO article VALUES ('LAPALO', 'Reactancia 20 W 220 V', 1.26, 16, 7, NULL);
INSERT INTO article VALUES ('LAPAMN', 'Reactancia Para Lampara Vapor Mer', 36.54, 1, 1, NULL);
INSERT INTO article VALUES ('LAPC', 'Reactancia 40 W 220v', 0.39, NULL, 42, NULL);
INSERT INTO article VALUES ('LAPC27', 'Reactancia Lampara Vapor De Mercu', 0.89, 19, 10, NULL);
INSERT INTO article VALUES ('LAPC32L', 'Reactancia 125v 40w Para Fluoresc', 37.26, 1, 1, NULL);
INSERT INTO article VALUES ('LAPF1X40', 'Bombilla Reflectora 50 Mm.', 36.96, 1, 1, NULL);
INSERT INTO article VALUES ('LAPRO', 'Bombilla Reflectora 63 Mm', 2.42, 1, 1, NULL);
INSERT INTO article VALUES ('LAPT', 'Lampara Reflectora 63 Color', 0.72, 17, 16, NULL);
INSERT INTO article VALUES ('LAR1X20', 'Reactancia 65 W 220 V', 8.71, 2, 1, NULL);
INSERT INTO article VALUES ('LAR1X40', 'Bombilla Reflectora 80 Mm.', 9.32, 1, 1, NULL);
INSERT INTO article VALUES ('LAR20', 'Lampara Deslumbrante 100w', 2.94, 4, 1, NULL);
INSERT INTO article VALUES ('LAR250', 'Lampara Deslumbrante 60w', 22.12, 1, 1, NULL);
INSERT INTO article VALUES ('LAR40', 'Bloque Emergencia Saft 30 Lumenes', 2.94, 5, 3, NULL);
INSERT INTO article VALUES ('LAR400', 'Bloque Emergencia Saft 300 Lumene', 28.25, 1, 1, NULL);
INSERT INTO article VALUES ('LAR40125', 'Bloque Emergencia Saft 60 Lumenes', 11.00, 1, 1, NULL);
INSERT INTO article VALUES ('LAR50', 'Timbre Ee E2646', 1.89, 15, 6, NULL);
INSERT INTO article VALUES ('LAR63', 'Timbre Ding Dong E2690', 1.62, 8, 8, NULL);
INSERT INTO article VALUES ('LAR63C', 'Timbre Ding Dong E2646', 2.88, 1, 1, NULL);
INSERT INTO article VALUES ('LAR65', 'Tulipas Cuello Alto', 6.01, 4, 3, NULL);
INSERT INTO article VALUES ('LAR80', 'Pantalla 2 X 36 W. Blancanieves', 1.62, 14, 8, NULL);
INSERT INTO article VALUES ('LARD100', 'Ojo De Buey Lledo Empotrar B', 0.78, 36, 4, NULL);
INSERT INTO article VALUES ('LARD60', 'Ojo De Buey Lledo Empotrar B', 0.72, 5, 5, NULL);
INSERT INTO article VALUES ('LASA30', 'Luminaria 1x36 Superficie Cocina', 37.68, 1, 1, NULL);
INSERT INTO article VALUES ('LASA300', 'Pantalla De Riel Staff 71090', 88.17, 1, 1, NULL);
INSERT INTO article VALUES ('LASA60', 'Transformador 12 V 50 W', 47.96, 1, 1, NULL);
INSERT INTO article VALUES ('LATIM', 'Interruptor Niesen Serie Lisa', 8.11, 2, 2, 'Niessen');
INSERT INTO article VALUES ('LATIM1', 'Conmutador Niesen Serie Lisa', 8.29, 2, 2, 'Niessen');
INSERT INTO article VALUES ('LATIM2', 'Base Enchufe Normal Niesen Serie', 7.21, 3, 1, 'Niessen');
INSERT INTO article VALUES ('LATL', 'Pulsador Timbre Niesen Serie Lisa', 2.10, 1, 1, 'Niessen');
INSERT INTO article VALUES ('LAV125', 'Bombilla Deslumbrante 60w', 5.95, 3, 1, NULL);
INSERT INTO article VALUES ('LAV250', 'Lampara Cuarzo Yodo 1500w', 15.33, 1, 1, NULL);
INSERT INTO article VALUES ('LAV400', 'Lampara Cuarzo Yodo 300w', 21.64, 1, 1, NULL);
INSERT INTO article VALUES ('LAVC18', 'Regleta Fluorescente 1x20 W', 18.33, 1, 1, NULL);
INSERT INTO article VALUES ('LAVC9', 'Regleta Fluorescente 2x40 W', 18.33, 1, 1, NULL);
INSERT INTO article VALUES ('LL2X36B', 'Pulsador Luz Niesen Serie Lisa', 49.87, 1, 1, 'Niessen');
INSERT INTO article VALUES ('LLG11', 'Base Enchufe Con T.t. Des. Niesen', 8.45, 3, 3, 'Niessen');
INSERT INTO article VALUES ('LLG12', 'Cortacicuitos Niesen Serie Lisa', 9.94, 3, 3, 'Niessen');
INSERT INTO article VALUES ('LLS1X36', 'Cruzamiento Niesen Serie Lisa', 45.47, 1, 1, 'Niessen');
INSERT INTO article VALUES ('LLST90', 'Doble Conmutador Niesen Serie Lis', 103.92, 1, 1, 'Niessen');
INSERT INTO article VALUES ('LLTRNS50', 'Placa 1 Elem. Niesen Serie Lisa', 6.30, 3, 2, 'Niessen');
INSERT INTO article VALUES ('LPEO60', 'Cruzamiento Bjc Lineal Blanco', 4.81, 1, 1, NULL);
INSERT INTO article VALUES ('LPER100', 'Cortacircuito Bjc Lineal Peque%o', 8.41, 3, 1, NULL);
INSERT INTO article VALUES ('ME200', 'Marco Bjc Ibiza 2 Elementos', 13.52, 1, 1, NULL);
INSERT INTO article VALUES ('N5001', 'Placa 2 Elem. Nisen Serie Lisa', 2.46, 5, 2, NULL);
INSERT INTO article VALUES ('N5002', 'Placa 3 Elem. Niesen Serie Lisa', 2.79, 6, 6, 'Niessen');
INSERT INTO article VALUES ('N5003', 'Base Enchufe Schuco Niesen Serie', 1.75, 5, 1, 'Niessen');
INSERT INTO article VALUES ('N5004', 'Lampara Neon Niessen Luz Puntual', 2.44, 6, 1, 'Niessen');
INSERT INTO article VALUES ('N5004L', 'Lamparita Neon Niesen Serie Lisa', 1.97, NULL, 6, 'Niessen');
INSERT INTO article VALUES ('N5006', 'Inter Bipo Niessen Trazo Blanco A', 2.30, 8, 4, 'Niessen');
INSERT INTO article VALUES ('N5008', 'Inter Uni Niessen Trazo Blanco Al', 2.48, 4, 2, 'Niessen');
INSERT INTO article VALUES ('N5010', 'Comut Niessen Trazo Blanco Alpino', 5.31, 2, 2, 'Niessen');
INSERT INTO article VALUES ('N5022', 'Base Normal Niessen Blanco Alpino', 5.22, 3, 2, 'Niessen');
INSERT INTO article VALUES ('N5071', 'Pulsador Luz Piloto Niessen Trazo', 0.90, 1, 1, 'Niessen');
INSERT INTO article VALUES ('N5072', 'Pulsador Luz Piloto Niessen Trazo', 1.33, 11, 2, 'Niessen');
INSERT INTO article VALUES ('N5073', 'Pulsador Timbre Niessen Trazo Bla', 1.83, 2, 2, 'Niessen');
INSERT INTO article VALUES ('N5088', 'Cortacircuitos Niessen Trazo Blan', 1.52, 2, 2, 'Niessen');
INSERT INTO article VALUES ('N6190', 'Cruzamiento Niessen Trazo Blanco', 2.55, 3, 2, 'Niessen');
INSERT INTO article VALUES ('N6192', 'Cruze Niessen Trazo Blanco Alpino', 1.32, 5, 5, 'Niessen');
INSERT INTO article VALUES ('N8001.2', 'Toma De Telefono Niessen Trazo Bl', 6.06, 2, 2, 'Niessen');
INSERT INTO article VALUES ('N8001BA', 'Zumbador Niessen Trazo Blanco Alp', 3.94, 6, 2, 'Niessen');
INSERT INTO article VALUES ('N8002BA', 'Tomas Tv Niessen Blanco Alpino', 4.44, 6, 6, 'Niessen');
INSERT INTO article VALUES ('N8003BA', 'Cartuchos Fusibles 6 A Cristal', 2.61, 8, 2, NULL);
INSERT INTO article VALUES ('N8004.5', 'Marcos 1 Elementos Niessen Trazo', 8.17, 1, 1, 'Niessen');
INSERT INTO article VALUES ('N8004.6B', 'Marco 2 Elementos Niessen Blaco A', 7.57, 1, 1, 'Niessen');
INSERT INTO article VALUES ('N8004BA', 'Marco 3 Elementos Niessen Trazo B', 3.95, 3, 2, 'Niessen');
INSERT INTO article VALUES ('N8008BA', 'Base Tt Lateral Niessen Trazo Bla', 4.38, 6, 6, 'Niessen');
INSERT INTO article VALUES ('N8010', 'Cartuchos Fusibles 10 A Cristal', 7.58, 2, 2, NULL);
INSERT INTO article VALUES ('N8010BA', 'Fotocedula Orbis', 8.19, 2, 1, NULL);
INSERT INTO article VALUES ('N8017BA', 'Relog Orbis Con Reserva De Cuerda', 3.40, 7, 4, NULL);
INSERT INTO article VALUES ('N8019BA', 'Relog Orbis Sin Reserva De Cuerda', 8.10, 3, 3, NULL);
INSERT INTO article VALUES ('N8050BA', 'Automatico De Escalera Orbis T11', 5.41, 4, 4, NULL);
INSERT INTO article VALUES ('N8060', 'Automatico De Escalera Orbis T15', 0.11, 136, 57, NULL);
INSERT INTO article VALUES ('N8071BA', 'Automatico Escaleras Orbis T16', 0.88, 21, 9, NULL);
INSERT INTO article VALUES ('N8072BA', 'Automatico Escaleras Mercurio T9', 1.38, 1, 1, NULL);
INSERT INTO article VALUES ('N8073BA', 'Placa 1 Elem. Plastimetal', 2.33, 8, 7, NULL);
INSERT INTO article VALUES ('N8088BA', 'Placa 4 Elem. Plastimetal', 3.00, 5, 2, NULL);
INSERT INTO article VALUES ('N8100', 'Pulsador Luz Plastimetal', 0.11, 72, 45, NULL);
INSERT INTO article VALUES ('ORBILUX', 'Toma Tv Plastimetal Unicaja', 40.03, 1, 1, NULL);
INSERT INTO article VALUES ('ORC72H', 'Base Enchufe Normal Plastimetal', 50.97, 1, 1, NULL);
INSERT INTO article VALUES ('ORS00H', 'Base Enchufe Con T.t. Plastimetal', 30.71, 1, 1, NULL);
INSERT INTO article VALUES ('ORT11', 'Base Enchufe Schuco Plastimetal', 14.66, 2, 2, NULL);
INSERT INTO article VALUES ('ORT15', 'Interruptor Plastimetal', 22.84, 1, 1, NULL);
INSERT INTO article VALUES ('ORT16', 'Interruptor Plastimetal Unicaja', 21.58, 1, 1, NULL);
INSERT INTO article VALUES ('ORT9', 'Conmutador Plastimetal', 25.90, 1, 1, NULL);
INSERT INTO article VALUES ('P1031', 'Conmutador Plastimetal Luz  Unicaj', 0.93, 8, 8, NULL);
INSERT INTO article VALUES ('P434L', 'Regulador Luz Plastimetal Unicaja', 3.25, 9, 4, NULL);
INSERT INTO article VALUES ('P500TV', 'Cortacircuitos 10 A. Plastimetal', 1.32, 3, 2, NULL);
INSERT INTO article VALUES ('P504', 'Cortacircuitos 16 A. Plastimetal', 0.86, 34, 17, NULL);
INSERT INTO article VALUES ('P504T', 'Caja Empotrar Hasta 3 Elem. Plast', 1.19, 8, 4, NULL);
INSERT INTO article VALUES ('P515', 'Caja Empotrar Hasta 6 Elem. Plast', 1.52, 13, 13, NULL);
INSERT INTO article VALUES ('P605', 'Caja 1 Elem. Plastimetal', 1.65, 16, 9, NULL);
INSERT INTO article VALUES ('P605L', 'Caja 2 Elem. Plastimetal', 2.74, 2, 1, NULL);
INSERT INTO article VALUES ('P615', 'Caja 3 Elem. Plastimetal', 1.91, 3, 2, NULL);
INSERT INTO article VALUES ('P615L', 'Caja Superficie Hasta 3 Elem. Pla', 3.00, 3, 1, NULL);
INSERT INTO article VALUES ('P635', 'Caja Superficie Hasta 6 Elem. Pla', 3.42, 3, 1, NULL);
INSERT INTO article VALUES ('P695', 'Interruptor Rotura Brusca 100 A M', 13.22, 1, 1, NULL);
INSERT INTO article VALUES ('P714', 'Grapa Sujetacables Para Piqueta', 1.32, 5, 4, NULL);
INSERT INTO article VALUES ('P724', 'Piqueta Toma Tierra Enchufable', 2.01, 12, 12, NULL);
INSERT INTO article VALUES ('P903', 'Cortacircuitos Simon Serie 24', 0.44, 61, 22, 'Simon');
INSERT INTO article VALUES ('P904', 'Portafusibles Blanco Simon Serie', 0.66, 18, 13, 'Simon');
INSERT INTO article VALUES ('P910', 'Portafusibles Dorado Dec. Simon S', 0.26, 51, 17, 'Simon');
INSERT INTO article VALUES ('P912', 'Interruptor Unipolar Blanco Simon', 0.36, 29, 4, 'Simon');
INSERT INTO article VALUES ('P913', 'Interruptor Marron D. Simon Serie', 0.54, 3, 2, 'Simon');
INSERT INTO article VALUES ('P923', 'Interruptor 1p. Con Visor Blanco', 1.69, 7, 4, NULL);
INSERT INTO article VALUES ('P924', 'Interruptor Marron Dec. Con Visor', 2.39, 8, 3, NULL);
INSERT INTO article VALUES ('PCMIB', 'Conmutador Blanco Simon Serie 31', 83.54, 1, 1, 'Simon');
INSERT INTO article VALUES ('PMGF', 'Conmutador Marron Dec. Simon Seri', 1.86, 10, 6, 'Simon');
INSERT INTO article VALUES ('PMTT200E', 'Conmutador Con Visor Blanco Simon', 10.46, 2, 1, 'Simon');
INSERT INTO article VALUES ('REF1X20', 'Regleta Fluorescente 1x36 Bajo F', 8.71, 1, 1, NULL);
INSERT INTO article VALUES ('REF1X40', 'Ventana Va 27 10m', 9.32, 1, 1, NULL);
INSERT INTO article VALUES ('REF2X20', 'Memoria Y Tramitacion Boletin', 12.02, 2, 1, NULL);
INSERT INTO article VALUES ('REF2X40', 'Regleta Fluorescente 1x18 Bajo F', 12.62, 1, 1, NULL);
INSERT INTO article VALUES ('RF1X18B', 'Cruzamiento Niesen Lisa Blaco', 8.71, 1, 1, 'Niessen');
INSERT INTO article VALUES ('RF1X36B', 'Conmutador Niesen Lisa Blanco', 9.32, 3, 1, 'Niessen');
INSERT INTO article VALUES ('RF20', 'Lampara Vapor Mercurio 250w', 3.37, 4, 2, NULL);
INSERT INTO article VALUES ('RF32', 'Lampara Vapopr Mercurio 400w', 3.37, 4, 2, NULL);
INSERT INTO article VALUES ('RF40', 'Lampara Mescla 160w', 3.37, 7, 4, NULL);
INSERT INTO article VALUES ('RF65', 'Lampara Luz Mescla 250', 6.01, 4, 2, NULL);
INSERT INTO article VALUES ('RT1250', 'Bombilla Deslumbrante 100w', 6.01, 1, 1, NULL);
INSERT INTO article VALUES ('RV125', 'Lampara Dulux 36 W', 5.95, 1, 1, NULL);
INSERT INTO article VALUES ('RV250', 'Lampara Bajo Consumo 13w', 15.33, 1, 1, NULL);
INSERT INTO article VALUES ('RV400', 'Lampara Bajo Consumo 9w', 21.64, 1, 1, NULL);
INSERT INTO article VALUES ('RV80', 'Lampara Dulux 18 W', 5.95, 4, 4, NULL);
INSERT INTO article VALUES ('S24000', 'Conmutador Marron Dec. Con Visor', 1.42, 3, 1, NULL);
INSERT INTO article VALUES ('S3100131', 'Conmutador Cruce Blanco Simon Ser', 3.75, 5, 1, 'Simon');
INSERT INTO article VALUES ('S3100136', 'Conmutador Cruce Marron Dec. Simo', 5.10, 5, 3, 'Simon');
INSERT INTO article VALUES ('S3110131', 'Conmutador Cruce Con Visor Blanco', 3.37, 7, 1, NULL);
INSERT INTO article VALUES ('S3110136', 'Conmutador Cruce Marron D. Con Vi', 4.78, 1, 1, NULL);
INSERT INTO article VALUES ('S3110431', 'Base Enchufe Normal Blanca Simon', 5.60, 4, 3, 'Simon');
INSERT INTO article VALUES ('S3110436', 'Base Enchufe Normal Marron De. Si', 8.24, 3, 3, NULL);
INSERT INTO article VALUES ('S3120131', 'Base Enchufe Schucco Blanco Simon', 3.80, 4, 2, 'Simon');
INSERT INTO article VALUES ('S3120136', 'Base Normal T.t. Marron Dec. Simo', 5.26, 2, 2, 'Simon');
INSERT INTO article VALUES ('S3120431', 'Base T.t. - Cortacircuitos Blanco', 6.01, 2, 1, NULL);
INSERT INTO article VALUES ('S3120436', 'Base T.t - C/c Marron Dec. Simon', 8.94, 3, 2, 'Simon');
INSERT INTO article VALUES ('S3125131', 'Base Enchufe Normal Con T.t. Blan', 8.99, 2, 2, NULL);
INSERT INTO article VALUES ('S3125136', 'Base Enchufe T.t. Des. Marron Dec', 8.99, 3, 3, NULL);
INSERT INTO article VALUES ('S3125431', 'Tomas De Senal Radio Tv Simon 31', 9.24, 3, 2, 'Simon');
INSERT INTO article VALUES ('S3125436', 'Tomas De Senal Radio Tv Simon 31', 10.39, 2, 2, 'Simon');
INSERT INTO article VALUES ('S3143131', 'Placa 1 Elem. Blanca Simon Serie', 2.32, 6, 2, 'Simon');
INSERT INTO article VALUES ('S3143136', 'Placa 1 Elem. Negra Simon Serie 3', 3.49, 6, 2, 'Simon');
INSERT INTO article VALUES ('S3143231', 'Placa 2 Elem. Blanca Simon Serie', 2.67, 1, 1, 'Simon');
INSERT INTO article VALUES ('S3143236', 'Placa 2 Elem. Negra Simon Serie 3', 3.95, 4, 4, 'Simon');
INSERT INTO article VALUES ('S3143431', 'Placa 3 Elem. Blanca Simon Serie', 5.11, 2, 1, 'Simon');
INSERT INTO article VALUES ('S3143436', 'Placa 3 Elem. Negra Simon Serie 3', 6.70, 4, 3, 'Simon');
INSERT INTO article VALUES ('S3144231', 'Pulsador Campana Blanco Simon Ser', 2.45, 11, 11, 'Simon');
INSERT INTO article VALUES ('S3144236', 'Pulsador Campana Marron Dec. Simo', 3.62, 4, 2, 'Simon');
INSERT INTO article VALUES ('S3149136', 'Pulsador Luz Blanco Simon Serie 3', 6.20, 4, 2, 'Simon');
INSERT INTO article VALUES ('S3149236', 'Pulsador Luz Marron Dec. Simon Se', 6.20, 2, 2, 'Simon');
INSERT INTO article VALUES ('S3161031', 'Pulsador Campana Blanco Con Visor', 0.76, 20, 2, NULL);
INSERT INTO article VALUES ('S3161032', 'Pulsador Campana Marron D. Con Vi', 0.76, 33, 12, NULL);
INSERT INTO article VALUES ('S3162031', 'Pulsador Luz Blanco Con Visor Sim', 1.18, 1, 1, NULL);
INSERT INTO article VALUES ('S3162032', 'Pulsador Luz Marron Dec. Con Viso', 1.18, 5, 3, NULL);
INSERT INTO article VALUES ('S3163031', 'Regulador Luz Blanco Simon Serie', 2.00, 2, 2, 'Simon');
INSERT INTO article VALUES ('S3163032', 'Bloque Emergencia Satf 32 L', 2.00, 11, 1, NULL);
INSERT INTO article VALUES ('S3165031', 'Bloque Emergencia Satf 32 L Per', 3.39, 4, 3, NULL);
INSERT INTO article VALUES ('S3165036', 'Bloque Emergencia Satf 60 L', 4.81, 6, 4, NULL);
INSERT INTO article VALUES ('S3165131', 'Bloque Emergencia Satf 60 L Per', 3.39, 3, 1, NULL);
INSERT INTO article VALUES ('S3165136', 'Bloque Emergencia Satf 150 L', 4.81, 6, 3, NULL);
INSERT INTO article VALUES ('S3166031', 'Bloque Emergencia 300 L', 5.61, 1, 1, NULL);
INSERT INTO article VALUES ('S3166036', 'Bases Ticino Tt Lateral 16 A', 6.12, 1, 1, 'Ticino');
INSERT INTO article VALUES ('S3166131', 'Tapas Ticino 1 E Tras Cuadro', 5.61, 3, 2, 'Ticino');
INSERT INTO article VALUES ('S3166136', 'Base Toma Lateral Ticino Serie Li', 6.12, 1, 1, 'Ticino');
INSERT INTO article VALUES ('S3181231', 'Tapa Ciega Ticino Serie Living', 24.38, 1, 1, 'Ticino');
INSERT INTO article VALUES ('SATF1', 'Interruptor Ticino Serie Living', 37.68, 1, 1, 'Ticino');
INSERT INTO article VALUES ('SATF2', 'Conmutador Ticino Serie Living', 39.01, 1, 1, 'Ticino');
INSERT INTO article VALUES ('SATF3', 'Cruzamiento Ticino Serie Living', 49.28, 1, 1, 'Ticino');
INSERT INTO article VALUES ('SATF4', 'Base N Ticino Serie Living', 47.96, 1, 1, 'Ticino');
INSERT INTO article VALUES ('SATF5', 'Cortacircuito Ticino Serie Living', 73.32, 1, 1, 'Ticino');
INSERT INTO article VALUES ('SATF6', 'Bastidor Ticino Serie Living', 88.17, 1, 1, 'Ticino');
INSERT INTO article VALUES ('SI4P25A', 'Base Bjc Lineal Blanco', 35.76, 1, 1, NULL);
INSERT INTO article VALUES ('T1001', 'Base Normal Ticino S,tekne', 0.21, 93, 65, 'Ticino');
INSERT INTO article VALUES ('T1002', 'Base T,t Desplazada Ticino Tekne', 0.81, 30, 3, 'Ticino');
INSERT INTO article VALUES ('T10020', 'Caja Medes Diferenciales 1/12e', 0.72, 33, 15, NULL);
INSERT INTO article VALUES ('T10021', 'Caja Tegui Europa 1 Modolo', 0.55, 7, 2, NULL);
INSERT INTO article VALUES ('T10022', 'Marco Tegui Europa 1 Elemento', 1.48, NULL, 12, NULL);
INSERT INTO article VALUES ('T10023', 'Portalamparas Curvo', 0.62, NULL, 14, NULL);
INSERT INTO article VALUES ('T10024', 'Pieza Micro Tegui Europa', 1.86, NULL, 3, NULL);
INSERT INTO article VALUES ('T10025', 'Telefono Tegui Europa', 0.99, 18, 2, NULL);
INSERT INTO article VALUES ('T10026', 'Alimentador Tegui Europa', 0.44, 13, NULL, NULL);
INSERT INTO article VALUES ('T10027', 'Contador 2x30/60 Mas Icp 25a', 2.72, 7, 1, NULL);
INSERT INTO article VALUES ('T1003', 'Portero Electronico Felmax 2 Lin', 0.70, 38, 36, NULL);
INSERT INTO article VALUES ('T10030', 'Marco Bgc Ibiza 1 Elemento', 1.63, 8, 2, NULL);
INSERT INTO article VALUES ('T1004', 'Caja Acometida Iii 80 A', 1.50, 10, 1, NULL);
INSERT INTO article VALUES ('T1005', 'Piqueta Toma Tierra 2mts', 1.21, 22, 1, NULL);
INSERT INTO article VALUES ('T1006', 'Kit Portero Electronico 2 Telefo', 3.38, 7, 7, NULL);
INSERT INTO article VALUES ('T1007', 'Marco 1 Elemento Gris', 2.82, 1, 1, NULL);
INSERT INTO article VALUES ('T1008', 'Perfil Ticino Tekne Gris 1 E', 1.22, 15, 1, 'Ticino');
INSERT INTO article VALUES ('T1009', 'Marco Ticino Tekme 2 E Gris', 1.63, 15, 11, 'Ticino');
INSERT INTO article VALUES ('T1010', 'Perfil Ticino Tekne 2 E Gris', 1.50, 10, 9, 'Ticino');
INSERT INTO article VALUES ('T1011', 'Marco Ticino Tekne 3 E Gris', 0.90, 31, 30, 'Ticino');
INSERT INTO article VALUES ('T1012', 'Perfil Ticino Tekne 3 E Gris', 1.26, 2, 1, 'Ticino');
INSERT INTO article VALUES ('T1023', 'Modolo Tegui Europa', 0.62, 13, 1, NULL);
INSERT INTO article VALUES ('T13940/1', 'Placa Ticino Serie Living', 2.79, 10, 7, 'Ticino');
INSERT INTO article VALUES ('T23932', 'Bastidor Ticino Serie Living', 2.79, 9, 7, 'Ticino');
INSERT INTO article VALUES ('T4440', 'Placa Ticino Serie Living', 3.48, 5, 5, 'Ticino');
INSERT INTO article VALUES ('T4500', 'Caja Empotrar 3 Elementos Ticino', 0.34, 6, 1, 'Ticino');
INSERT INTO article VALUES ('T4501', 'Tubo Empotrar   100', 2.98, 8, 5, NULL);
INSERT INTO article VALUES ('T4503', 'Tubo Empotrar   11', 3.43, 7, 4, NULL);
INSERT INTO article VALUES ('T4512', 'Tubo Canalizacion 125 M/m', 6.00, 1, 1, NULL);
INSERT INTO article VALUES ('T4522', 'Tubo Empotrar   13.5', 2.69, 6, 3, NULL);
INSERT INTO article VALUES ('T4588', 'Tubo Empotrar 13.5', 4.50, 6, 6, NULL);
INSERT INTO article VALUES ('T4703', 'Tubo Empotrar   16', 0.96, 30, 14, NULL);
INSERT INTO article VALUES ('T4713', 'Canal Superficie Blanco', 6.47, 2, 2, NULL);
INSERT INTO article VALUES ('T4740', 'Canal Superficie Blanco', 1.12, 11, 11, NULL);
INSERT INTO article VALUES ('T4750', 'Curva Canal E. Blanco', 6.47, 4, 4, NULL);
INSERT INTO article VALUES ('T503', 'Curva Canal I. Blanco', 0.54, 2, 2, NULL);
INSERT INTO article VALUES ('TC100', 'Tubo Empotrar   23', 0.39, 66, 2, NULL);
INSERT INTO article VALUES ('TC11', 'Tubo Empotrar   29', 0.11, 193, 164, NULL);
INSERT INTO article VALUES ('TC125', 'Tubo Empotrar   36', 1.26, 19, 4, NULL);
INSERT INTO article VALUES ('TC13.5', 'Canaleta Unex 40x110', 0.14, 2, 1, NULL);
INSERT INTO article VALUES ('TC13.5N', 'Tubo Empotrar   50', 0.04, 422, 54, NULL);
INSERT INTO article VALUES ('TC16', 'Tubo Empotrar   65', 0.16, 175, 158, NULL);
INSERT INTO article VALUES ('TC1625', 'Canal Blanco 70 Mm', 1.92, 8, 6, NULL);
INSERT INTO article VALUES ('TC1640', 'Tubo Empotrar   80', 2.43, 4, 1, NULL);
INSERT INTO article VALUES ('TC16401', 'Tubo Fercondur   11', 0.96, 25, 13, NULL);
INSERT INTO article VALUES ('TC16402', 'Tubo Fercondur   13.5', 0.77, 38, 12, NULL);
INSERT INTO article VALUES ('TC23', 'Tubo Fercondur   16', 0.26, 15, 2, NULL);
INSERT INTO article VALUES ('TC29', 'Tubo Fercondur   21', 0.39, 59, 14, NULL);
INSERT INTO article VALUES ('TC36', 'Tubo Fercondur   29', 0.60, 5, 1, NULL);
INSERT INTO article VALUES ('TC40110', 'Tubo Fercondur   36', 7.30, 4, 2, NULL);
INSERT INTO article VALUES ('TC50', 'Curva Fercondur   21', 0.50, 27, 26, NULL);
INSERT INTO article VALUES ('TC60', 'Curva Fercondur   29', 0.75, 19, 6, NULL);
INSERT INTO article VALUES ('TC71011', 'Curva Fercondur   36', 3.80, 6, 1, NULL);
INSERT INTO article VALUES ('TC80', 'Manguito Tubo Fercondur   11', 1.03, 7, 6, NULL);
INSERT INTO article VALUES ('TE1001', 'Conmutador Bjc Ibiza Blaco', 7.57, 1, 1, NULL);
INSERT INTO article VALUES ('TE1111', 'Cruzamiento Bjc Ibiza Blanco', 14.12, 2, 1, NULL);
INSERT INTO article VALUES ('TE1401', 'Interruptor Bjc Ibiza Blanco', 4.15, 4, 2, NULL);
INSERT INTO article VALUES ('TE3102', 'Interruptor Bjc Lineal Blanco', 19.53, 1, 1, NULL);
INSERT INTO article VALUES ('TE5501', 'Doble Interruptor Bjc Ibiza', 25.24, 1, 1, NULL);
INSERT INTO article VALUES ('TE5514', 'Base Normal Bjc Ibiza Blanco', 54.09, 1, 1, NULL);
INSERT INTO article VALUES ('TE7200', 'Doble Conmutador Bjc Ibiza Blanco', 13.22, 1, 1, NULL);
INSERT INTO article VALUES ('TF11', 'Manguito Tubo Fercondur   13.5', 0.66, 36, 5, NULL);
INSERT INTO article VALUES ('TF13.5', 'Manguito Tubo Fercondur   16', 0.73, 3, 3, NULL);
INSERT INTO article VALUES ('TF16', 'Manguito Tubo Fercondur   21', 0.91, 26, NULL, NULL);
INSERT INTO article VALUES ('TF21', 'Manguito Tubo Fercondur   29', 1.24, 4, 2, NULL);
INSERT INTO article VALUES ('TF29', 'Manguito Tubo Fercondur   36', 1.91, 4, 2, NULL);
INSERT INTO article VALUES ('TF36', 'Tubo Hierro   11', 2.48, NULL, 5, NULL);
INSERT INTO article VALUES ('TFC21', 'Tubo Hierro   13.5', 1.54, 1, 1, NULL);
INSERT INTO article VALUES ('TFC29', 'Tubo Hierro   16', 2.10, 10, 9, NULL);
INSERT INTO article VALUES ('TFC36', 'Tubo Hierro   21', 2.81, 5, 5, NULL);
INSERT INTO article VALUES ('TFM11', 'Tubo Hierro   29', 0.29, 3, 2, NULL);
INSERT INTO article VALUES ('TFM13.5', 'Tubo Hierro   36', 0.30, 85, 38, NULL);
INSERT INTO article VALUES ('TFM16', 'Curva Tubo Hierro   11', 0.33, 23, 13, NULL);
INSERT INTO article VALUES ('TFM21', 'Curva Tubo Hierro   13.5', 0.35, 1, 1, NULL);
INSERT INTO article VALUES ('TFM29', 'Curva Tubo Hierro   16', 0.41, 68, 29, NULL);
INSERT INTO article VALUES ('TFM36', 'Curva Tubo Hierro   21', 0.51, 49, 44, NULL);
INSERT INTO article VALUES ('TH11', 'Curva Tubo Hierro   29', 1.42, 20, 3, NULL);
INSERT INTO article VALUES ('TH13.5', 'Curva Tubo Hierro   36', 1.54, NULL, 11, NULL);
INSERT INTO article VALUES ('TH16', 'Manguito Hierro 11', 1.71, 12, 10, NULL);
INSERT INTO article VALUES ('TH21', 'Manguito Hierro 16', 2.14, 9, 2, NULL);
INSERT INTO article VALUES ('TH29', 'Manguito Hierro 21', 3.00, 10, 2, NULL);
INSERT INTO article VALUES ('TH36', 'Manguito Hierro 29', 4.71, 3, 2, NULL);
INSERT INTO article VALUES ('THC11', 'Manguito Hierro 36', 0.85, 32, 25, NULL);
INSERT INTO article VALUES ('THC13.5', 'Telefono Mural Felmax 2044', 1.00, 28, 8, NULL);
INSERT INTO article VALUES ('THC16', 'Telefono Paret Cordon Rizado', 1.06, 4, 2, NULL);
INSERT INTO article VALUES ('THC21', 'Placa Mural Felmax', 1.56, 1, 1, NULL);
INSERT INTO article VALUES ('THC29', 'Pulsador Para Placa Felmax', 2.56, 5, 2, NULL);
INSERT INTO article VALUES ('THC36', 'Alimentador Felmax 2156', 4.55, 1, 1, NULL);
INSERT INTO article VALUES ('Thm11', 'Abrepuertas Felmax', 0.39, 21, 18, NULL);
INSERT INTO article VALUES ('Thm16', 'Equipo Portera Felmax 1 Linea3', 0.52, 35, 2, NULL);
INSERT INTO article VALUES ('Thm21', 'Equipo Portero Electronico 2 Line', 0.66, 30, 24, NULL);
INSERT INTO article VALUES ('Thm29', 'Placa Golmar 8 Pulsadores', 0.99, 13, 10, NULL);
INSERT INTO article VALUES ('Thm36', 'Tubo Duro Flexible Negro  11', 1.39, 19, 14, NULL);
INSERT INTO article VALUES ('TLFX1', 'Tubo Duro Flexible Negro  13.5', 13.46, 1, 1, NULL);
INSERT INTO article VALUES ('TLFX1N', 'Tubo Duro Flexible Negro  16', 6.61, 3, 3, NULL);
INSERT INTO article VALUES ('TLFX2', 'Tubo Duro Flexible Negro  21', 60.70, 1, 1, NULL);
INSERT INTO article VALUES ('TLFX3', 'Tubo Duro Flexible Negro  29', 2.40, 7, 3, NULL);
INSERT INTO article VALUES ('TLFX4', 'Tubo Rigido Proteccion 5', 42.67, 1, 1, NULL);
INSERT INTO article VALUES ('TLFX5', 'Tubo Sapa Forrado   11', 10.94, 1, 1, NULL);
INSERT INTO article VALUES ('TLFXK1', 'Tubo Sapa Forrado   13.5', 83.54, 1, 1, NULL);
INSERT INTO article VALUES ('TLFXK2', 'Tubo Sapa Forrado   16', 115.69, 1, 1, NULL);
INSERT INTO article VALUES ('TLGX2', 'Tubo Sapa Forrado   21', 68.21, 1, 1, NULL);
INSERT INTO article VALUES ('TNF11', 'Tubo Sapa Forrado   29', 0.25, 21, 21, NULL);
INSERT INTO article VALUES ('TNF13.5', 'Tubo Sapa Forrado   36', 0.26, 109, 95, NULL);
INSERT INTO article VALUES ('TNF16', 'Tubo Sapa Forrado   9', 0.35, 74, 60, NULL);
INSERT INTO article VALUES ('TNF21', 'Tubo Sapa   11', 0.51, 13, 3, NULL);
INSERT INTO article VALUES ('TNF29', 'Tubo Sapa   13.5', 0.72, 35, 31, NULL);
INSERT INTO article VALUES ('TP200', 'Perfil Ticino Tekne Gris 2 E', 5.14, 5, 2, 'Ticino');
INSERT INTO article VALUES ('TP2T', 'Cortacircuito Ticino Tekne Gris', 161.19, 1, 1, 'Ticino');
INSERT INTO article VALUES ('TRAMI1', 'Base De Enchufe Niesen Lisa Blan', 30.05, 1, 1, 'Niessen');
INSERT INTO article VALUES ('TRI29', 'Tubo Sapa   16', 0.67, 1, 1, NULL);
INSERT INTO article VALUES ('1967346', 'Prolongador Doble 2.5 M', 4.51, 1, 1, NULL);
INSERT INTO article VALUES ('2309987', 'Prolongador Doble 5.0 M', 7.36, 4, 4, NULL);
INSERT INTO article VALUES ('3204209', 'Prolongador Cuaduple 2.5 M', 5.11, 1, 1, NULL);
INSERT INTO article VALUES ('3987348', 'Prolongador Cuaduple 20.0 M', 12.17, 2, 2, NULL);
INSERT INTO article VALUES ('4283200', 'Prolongador Doble 10.0 M', 9.32, 3, 3, NULL);
INSERT INTO article VALUES ('4565467', 'Prolongador Sencillo 10.0 M', 7.21, 4, 1, NULL);
INSERT INTO article VALUES ('6579878', 'Prolongador Sencillo 5.0 M', 4.21, 1, 1, NULL);
INSERT INTO article VALUES ('7897999', 'Prolongador Sencillo 2.5 M', 3.16, 2, 1, NULL);
INSERT INTO article VALUES ('8340098', 'Prolongador Cuaduple 5.0 M', 8.11, 2, 1, NULL);
INSERT INTO article VALUES ('8394800', 'Prolongador Cuaduple 10.0 M', 10.37, 2, 2, NULL);
INSERT INTO article VALUES ('A03755', 'Tubo Fluorescente 15 W', 50.63, 1, 1, NULL);
INSERT INTO article VALUES ('A58068', 'Tubo Fluorescente 18w Tld', 6.37, 4, 1, NULL);
INSERT INTO article VALUES ('B10000B', 'Cortacicuito Bjc Ibiza Blaco', 0.88, 11, 7, NULL);
INSERT INTO article VALUES ('B10001B', 'Marco Bjc 1 E Blanco', 1.38, 1, 1, NULL);
INSERT INTO article VALUES ('B10005B', 'Marco Bjc 2 E Ibiza Blanco', 3.93, 1, 1, NULL);
INSERT INTO article VALUES ('B10006B', 'Marco Bjc 3 E Ibiza Blanco', 4.44, 6, 3, NULL);
INSERT INTO article VALUES ('B10007B', 'Placa 2 E. Bjc Serie Olimpia', 68.29, 1, 1, 'BjcOlimpia');
INSERT INTO article VALUES ('B10009B', 'Placa 3 E. Bjc Serie Olimpia', 5.57, 2, 1, 'BjcOlimpia');
INSERT INTO article VALUES ('B10010B', 'Interruptor Bjc Serie Olimpia', 7.13, 2, 1, 'BjcOlimpia');
INSERT INTO article VALUES ('B10022B', 'Interruptor Con Visor Bjc Serie O', 2.70, NULL, 6, NULL);
INSERT INTO article VALUES ('B10023B', 'Conmutador Bjc Serie Olimpia', 3.12, 6, 1, 'BjcOlimpia');
INSERT INTO article VALUES ('B10025B', 'Conmutador Con Visor Bjc Serie Ol', 2.85, 4, 4, NULL);
INSERT INTO article VALUES ('B10028B', 'Cruzamiento  Bjc Serie Olimpia', 4.38, 2, 1, 'BjcOlimpia');
INSERT INTO article VALUES ('B10200B', 'Cruzamiento Bjc Olimpia Con Visor', 0.88, 29, NULL, 'BjcOlimpia');
INSERT INTO article VALUES ('B10201B', 'Doble Interruptor Bjc Serie Olimp', 1.38, 12, 3, 'BjcOlimpia');
INSERT INTO article VALUES ('B10202B', 'Doble Conmutador Bjc Olimpia', 2.33, 11, 2, 'BjcOlimpia');
INSERT INTO article VALUES ('B14001B', 'Pulsador Timbre Con Visor Bjc Ser', 1.44, 6, 3, NULL);
INSERT INTO article VALUES ('B14002B', 'Pulsador Bjc Olimpia', 1.96, 14, 13, 'BjcOlimpia');
INSERT INTO article VALUES ('B14005', 'Pulsador Luz Con Visor Bjc Serie', 2.46, 2, 1, NULL);
INSERT INTO article VALUES ('B14005L', 'Base Normal Bjc Serie Olimpia', 5.21, 5, 4, 'BjcOlimpia');
INSERT INTO article VALUES ('B14006', 'Base T.t. Lateral Bjc Serie Olimp', 2.79, 7, 7, 'BjcOlimpia');
INSERT INTO article VALUES ('B14006L', 'Base Con T.t. Bjc Serie Olimpia', 5.54, 2, 1, 'BjcOlimpia');
INSERT INTO article VALUES ('B14007', 'Cortacircuitos Bjc Serie Olimpia', 5.34, 2, 2, 'BjcOlimpia');
INSERT INTO article VALUES ('B14007L', 'Regulador Bjc Olimpia', 8.10, 1, 1, 'BjcOlimpia');
INSERT INTO article VALUES ('B14009', 'Luminaria Bjc Lampara Vapor Mercu', 4.48, 4, 2, NULL);
INSERT INTO article VALUES ('B14010', 'Caja Bjc Superficie Estanco 1 Ele', 5.22, 1, 1, NULL);
INSERT INTO article VALUES ('B14016L', 'Caja Bjc Superficie Estanca Ii115', 5.19, 4, 4, NULL);
INSERT INTO article VALUES ('B14017', 'Flector Bjc Aparato Estoque', 2.44, 10, 7, NULL);
INSERT INTO article VALUES ('B14017L', 'Pantalla Industrial Bjc 2 X 40 M', 5.19, 1, 1, NULL);
INSERT INTO article VALUES ('B14022', 'Interruptor Bjc Metropoli Iii', 1.75, 2, 2, NULL);
INSERT INTO article VALUES ('B14023', 'Base De Enchufe Bjc Metropoli Ii', 1.83, 14, 14, NULL);
INSERT INTO article VALUES ('B14025', 'Cable Cobre   1 X 16    - Kgr -', 2.33, 8, 7, NULL);
INSERT INTO article VALUES ('B14028', 'Cable Cobre   1 X 25    - Kgr -', 2.47, 11, 8, NULL);
INSERT INTO article VALUES ('B14038', 'Cable Cobre   1 X 35    - Kgr -', 24.84, 1, 1, NULL);
INSERT INTO article VALUES ('B20320', 'Cable Cobre Desnudo 1x50', 49.60, 1, 1, NULL);
INSERT INTO article VALUES ('B6000', 'Intramur   2 X 1', 4.59, 5, 3, NULL);
INSERT INTO article VALUES ('B6009', 'Intramur   2 X 1.5', 7.60, 1, 1, NULL);
INSERT INTO article VALUES ('B914B', 'Base De Enchufe Niesen Lisa Blan', 1.65, 9, 6, 'Niessen');
INSERT INTO article VALUES ('B924B', 'Placa 2 Elementos Niesen Lisa B', 2.28, 13, 8, 'Niessen');
INSERT INTO article VALUES ('B930B', 'Cortacircuito Niesen Lisa Blanco', 2.35, 4, 2, 'Niessen');
INSERT INTO article VALUES ('B932B', 'Base De Enchufe Niesen Lisa Blan', 2.58, 1, 1, 'Niessen');
INSERT INTO article VALUES ('B933B', 'Placa 1 Elemento Niesen Lisa B', 2.90, 2, 1, 'Niessen');
INSERT INTO article VALUES ('B944B', 'Pulsador Niesen Lisa Campana B', 2.59, 8, 4, 'Niessen');
INSERT INTO article VALUES ('BF243B', 'Intramur   2 X 2.5', 15.64, 1, 1, NULL);
INSERT INTO article VALUES ('BF261M', 'Intramur   2 X 4', 28.17, 1, 1, NULL);
INSERT INTO article VALUES ('BU3002', 'Intramur   3 X 1', 4.53, 3, 1, NULL);
INSERT INTO article VALUES ('BU3013', 'Intramur   3 X 1.5', 1.74, 8, 5, NULL);
INSERT INTO article VALUES ('CAJA2', 'Base Tfno Ticino Tekne', 34.14, 1, 1, 'Ticino');
INSERT INTO article VALUES ('CD1X16', 'Intramur   3 X 2.5', 5.35, 5, 3, NULL);
INSERT INTO article VALUES ('CD1X25', 'Intramur   3 X 4', 5.35, 3, 1, NULL);
INSERT INTO article VALUES ('CD1X35', 'Pirepol Gas Manguera   2 X 1', 3.52, 4, 1, NULL);
INSERT INTO article VALUES ('CD1X50', 'Pirepol Gas Manguera   2 X 1.5', 3.52, 5, 3, NULL);
INSERT INTO article VALUES ('CENTRA1', 'Cortacircuito Bjc Lineal', 315.09, 1, 1, NULL);
INSERT INTO article VALUES ('CI2X1', 'Pirepol Gas Manguera   2 X 2.5', 0.41, 6, 2, NULL);
INSERT INTO article VALUES ('CI2X1.5', 'Pirepol Gas Manguera   2 X 4', 0.52, 28, 20, NULL);
INSERT INTO article VALUES ('CI2X2.5', 'Pirepol Gas Manguera   3 X 1', 0.72, 11, 10, NULL);
INSERT INTO article VALUES ('CI2X4', 'Pirepol Gas Manguera   3 X 1.5', 1.00, 14, 10, NULL);
INSERT INTO article VALUES ('CI3X1', 'Pirepol Gas Manguera   3 X 2.5', 0.63, 45, 33, NULL);
INSERT INTO article VALUES ('CI3X1.5', 'Pirepol Gas Manguera   3 X 4', 0.79, 35, 34, NULL);
INSERT INTO article VALUES ('CI3X2.5', 'Pirepol Gas Manguera   4 X 1', 1.11, 4, 3, NULL);
INSERT INTO article VALUES ('CI3X4', 'Pirepol Gas Manguera   4 X 1.5', 1.26, 4, 3, NULL);
INSERT INTO article VALUES ('CICP', 'Base Essco Bjc Ibiza Blanco', 80.52, 1, 1, NULL);
INSERT INTO article VALUES ('cm2X1', 'Pirepol Gas Manguera   4 X 2.5', 0.60, 36, 23, NULL);
INSERT INTO article VALUES ('cm2X1.5', 'Pirepol N   1 X 1', 0.75, 36, NULL, NULL);
INSERT INTO article VALUES ('cm2X2.5', 'Pirepol N   1 X 1.5', 1.11, 1, 3, NULL);
INSERT INTO article VALUES ('cm2X4', 'Pirepol N   1 X 10', 1.46, 3, 1, NULL);
INSERT INTO article VALUES ('CM3X1', 'Pirepol N   1 X 16', 0.75, 24, 4, NULL);
INSERT INTO article VALUES ('CM3X1.5', 'Pirepol N   1 X 2.5', 1.00, 22, 5, NULL);
INSERT INTO article VALUES ('CM3X2.5', 'Pirepol N   1 X 25', 1.41, 9, 7, NULL);
INSERT INTO article VALUES ('CM3X4', 'Pirepol N   1 X 35', 1.92, 1, 1, NULL);
INSERT INTO article VALUES ('CM4X1', 'Pirepol N   1 X 4', 0.96, 5, 3, NULL);
INSERT INTO article VALUES ('CM4X1.5', 'Pirepol N   1 X 6', 1.26, 7, 7, NULL);
INSERT INTO article VALUES ('CM4X2.5', 'Paralelo   2 X 0.5', 1.74, 2, 1, NULL);
INSERT INTO article VALUES ('CN1X1', 'Paralelo   2 X 0.7', 0.09, 320, 175, NULL);
INSERT INTO article VALUES ('CN1X1.5', 'Paralelo   2 X 1', 0.12, 15, 7, NULL);
INSERT INTO article VALUES ('CN1X10', 'Paralelo   2 X 1.5', 0.77, 28, 19, NULL);
INSERT INTO article VALUES ('CN1X16', 'Paralelo   2 X 2.5', 1.50, 13, 10, NULL);
INSERT INTO article VALUES ('CN1X2.5', 'Paralelo   3 X 0.75', 0.19, 52, NULL, NULL);
INSERT INTO article VALUES ('CN1X25', 'Paralelo   3 X 1', 2.44, 5, 2, NULL);
INSERT INTO article VALUES ('CN1X35', 'Paralelo   3 X 1.5', 3.38, 1, 1, NULL);
INSERT INTO article VALUES ('CN1X4', 'Paralelo   3 X 2.5', 0.30, 17, 15, NULL);
INSERT INTO article VALUES ('CN1X6', 'Ojo De Buey Dorado R63', 0.46, 52, 32, NULL);
INSERT INTO article VALUES ('CP2X0.5', 'Ojo De Buey Blanco R 63', 0.24, 124, 42, NULL);
INSERT INTO article VALUES ('CP2X0.7', 'Ojo De Buey Blanco R 90', 0.25, 105, 67, NULL);
INSERT INTO article VALUES ('CP2X1', 'Ojo De Buey Orientable Dorado R6', 0.28, 14, NULL, NULL);
INSERT INTO article VALUES ('CP2X1.5', 'Ojo De Buey Orientable Blanco R6', 0.31, 96, 94, NULL);
INSERT INTO article VALUES ('CP2X2.5', 'Ojo De Buey Orientable Dorado L', 0.63, 41, 11, NULL);
INSERT INTO article VALUES ('cp3X0.7', 'Chasis Para Caja Himel 43-140', 0.48, 1, 1, NULL);
INSERT INTO article VALUES ('cp3X1', 'Interruptor Diferencial 2 P, 25 A', 0.63, 37, 2, 'IntDif');
INSERT INTO article VALUES ('IM2P25V', 'Interruptor Magnetotermico  3p, 2', 17.44, 1, 1, 'IntMagn');
INSERT INTO article VALUES ('IM2P32L', 'Interruptor Magnetotermico  3p, 2', 16.98, 1, 1, 'IntMagn');
INSERT INTO article VALUES ('IM2P32V', 'Interruptor Magnetotermico  3p, 2', 18.10, 1, 1, 'IntMagn');
INSERT INTO article VALUES ('IM2P40L', 'Interruptor Magnetotermico  3p, 3', 19.44, 1, 1, 'IntMagn');
INSERT INTO article VALUES ('IM2P5L', 'Interruptor Magnetotermico  3p, 3', 15.23, 1, 1, 'IntMagn');
INSERT INTO article VALUES ('IM3P10L', 'Interruptor Magnetotermico  3p, 4', 22.26, 1, 1, 'IntMagn');
INSERT INTO article VALUES ('IM3P10V', 'Interruptor Magnetotermico 50 A U', 26.30, 1, 1, 'IntMagn');
INSERT INTO article VALUES ('IM3P15L', 'Interruptor Magnetotermico  3p, 5', 22.26, 1, 1, 'IntMagn');
INSERT INTO article VALUES ('IM3P15V', 'Interruptor Magnetotermico  4p, 1', 26.30, 1, 1, 'IntMagn');
INSERT INTO article VALUES ('IM3P20L', 'Interruptor Magnetotermico  4p, 1', 22.26, 1, 1, 'IntMagn');
INSERT INTO article VALUES ('IM3P20V', 'Interruptor Magnetotermico  4p, 1', 26.30, 1, 1, 'IntMagn');
INSERT INTO article VALUES ('IM3P25L', 'Interruptor Magnetotermico  4p, 1', 22.26, 1, 1, 'IntMagn');
INSERT INTO article VALUES ('IM3P25V', 'Interruptor Magnetotermico  4p, 2', 26.30, 1, 1, 'IntMagn');
INSERT INTO article VALUES ('IM3P32L', 'Interruptor Magnetotermico  4p, 2', 23.12, 1, 1, 'IntMagn');
INSERT INTO article VALUES ('IM3P32V', 'Interruptor Magnetotermico  4p, 2', 27.01, 1, 1, 'IntMagn');
INSERT INTO article VALUES ('IM3P40L', 'Interruptor Magnetotermico  4p, 2', 29.69, 1, 1, 'IntMagn');
INSERT INTO article VALUES ('IM3P50U', 'Interruptor Magnetotermico  4p, 3', 51.39, 1, 1, 'IntMagn');
INSERT INTO article VALUES ('IM3P5L', 'Interruptor Magnetotermico  4p, 3', 23.54, 1, 1, 'IntMagn');
INSERT INTO article VALUES ('im4P10L', 'Interruptor Magnetotermico  4p, 4', 32.60, 1, 1, 'IntMagn');
INSERT INTO article VALUES ('im4P10V', 'Interruptor Magnetotermico  4p, 5', 39.15, 1, 1, 'IntMagn');
INSERT INTO article VALUES ('im4P15L', 'Contactor Gardy 20a Iii', 26.59, 1, 1, NULL);
INSERT INTO article VALUES ('im4P15V', 'Contactor Gardy 40a Ii', 39.15, 1, 1, NULL);
INSERT INTO article VALUES ('im4P20L', 'Contactor Gardy 40a Iii', 32.60, 1, 1, NULL);
INSERT INTO article VALUES ('im4P20V', 'Desconectador Gardy Iii 160 A', 39.15, 1, 1, NULL);
INSERT INTO article VALUES ('im4P25L', 'Interruptor Magnetotermico F-n, 1', 32.60, 1, 1, 'IntMagn');
INSERT INTO article VALUES ('im4P25V', 'Interruptor Magnetotermico  F-n,', 39.15, 1, 1, 'IntMagn');
INSERT INTO article VALUES ('im4P32L', 'Interruptor Magnetotermico F-n, 2', 33.80, 1, 1, 'IntMagn');
INSERT INTO article VALUES ('im4P32V', 'Interruptor Magnetotermico F-n, 2', 51.35, 1, 1, 'IntMagn');
INSERT INTO article VALUES ('im4P40L', 'Interruptor Magnetotermico F-n, 3', 42.31, 1, 1, 'IntMagn');
INSERT INTO article VALUES ('im4P5L', 'Interruptor Magnetotermico  F-n,', 34.39, 1, 1, 'IntMagn');
INSERT INTO article VALUES ('IMC20III', 'Interruptor Magnetotermico F-n, 5', 25.12, 1, 1, 'IntMagn');
INSERT INTO article VALUES ('IMC40II', 'Base T.t. Lateral Riel Legrand', 30.99, 1, 1, 'Legrand');
INSERT INTO article VALUES ('IMC40III', 'Temporizador Legrang', 46.90, 1, 1, 'Legrand');
INSERT INTO article VALUES ('IMD160', 'Interruptor Horario Legrand', 58.01, 1, 1, 'Legrand');
INSERT INTO article VALUES ('IMFN10L', 'Interruptor Horario Con Reserva L', 12.82, 1, 1, NULL);
INSERT INTO article VALUES ('IMFN15L', 'Interruptor Horario Pograma Seman', 12.82, 1, 1, NULL);
INSERT INTO article VALUES ('IMFN20L', 'Cartucho Fusible Legra 6,3x23 4 A', 12.82, 1, 1, NULL);
INSERT INTO article VALUES ('IMFN25L', 'Cartucho Fusible Legrand 6,3x6 6a', 12.82, 2, 1, 'Legrand');
INSERT INTO article VALUES ('IMFN32L', 'Cartucho Fusible Legrand 6,3x23 1', 13.30, 1, 1, 'Legrand');
INSERT INTO article VALUES ('IMFN40L', 'Cartuchos Fusibles Oo 6a Legran', 17.81, 1, 1, 'Legrand');
INSERT INTO article VALUES ('IMFN5L', 'Cartucho Fusible Legrand 10,3x38', 14.77, 2, 2, 'Legrand');
INSERT INTO article VALUES ('L03240', 'Cartucho Fusible Legrand 14x51 40', 3.76, 1, 1, 'Legrand');
INSERT INTO article VALUES ('L03701', 'Cartucho Fusible Legrand 14x51 50', 18.88, 1, 1, 'Legrand');
INSERT INTO article VALUES ('L03752', 'Cartucho Fusible Legrand 22x58 40', 27.95, 1, 1, 'Legrand');
INSERT INTO article VALUES ('L03753', 'Cartucho Fusible Legrand 22x58 63', 40.00, 1, 1, 'Legrand');
INSERT INTO article VALUES ('L03755', 'Cartucho Fusible Legrand T2 80 A', 41.90, 1, 1, 'Legrand');
INSERT INTO article VALUES ('L10304', 'Cartucho Fusible Legrand T2 100 A', 0.87, 29, 24, 'Legrand');
INSERT INTO article VALUES ('L10306', 'Bases De Cuchillas Legrand T00', 0.87, 15, 6, 'Legrand');
INSERT INTO article VALUES ('L10310', 'Cartucho Fusible Legrand T00 63 A', 0.87, 24, 17, 'Legrand');
INSERT INTO article VALUES ('L123010', 'Cartucho Fusible Legrand T00 100', 0.27, 36, 1, 'Legrand');
INSERT INTO article VALUES ('L13420', 'Cartucho Fusible Legrand T00 125', 0.48, 17, 10, 'Legrand');
INSERT INTO article VALUES ('L14340', 'Bases De Fusibles Cuchillas T0', 0.51, 3, 3, NULL);
INSERT INTO article VALUES ('L14350', 'Cartucho Fusible Legrand T0 100 A', 0.66, 1, 1, 'Legrand');
INSERT INTO article VALUES ('L15340', 'Cartucho Fusible Legrand T0 125 A', 1.05, 3, 2, 'Legrand');
INSERT INTO article VALUES ('L15363', 'Cartucho Fusible Legrand T0 160 A', 1.05, 27, 24, 'Legrand');
INSERT INTO article VALUES ('L15380', 'Puente Neutro Legrand T00', 1.11, 14, 6, 'Legrand');
INSERT INTO article VALUES ('L15396', 'Base Fusibles Cuchillas Legrand T', 1.23, 18, 2, 'Legrand');
INSERT INTO article VALUES ('L16000', 'Cartuchio Fusible Legrand 160 A T', 4.17, 6, 1, 'Legrand');
INSERT INTO article VALUES ('L16035', 'Cartucho Fusible Legrand T1 160 A', 4.18, 3, 3, 'Legrand');
INSERT INTO article VALUES ('L16045', 'Cartucho Fusible Legrand T1 250 A', 4.24, 5, 3, 'Legrand');
INSERT INTO article VALUES ('L16050', 'Cartucho Fusible Legrnad 160 T1', 3.46, 1, 1, NULL);
INSERT INTO article VALUES ('L16500', 'Cartucho Fusible Legrand T2 160 A', 6.16, 1, 1, 'Legrand');
INSERT INTO article VALUES ('L16545', 'Cartucho Fusible Legrand T2 200 A', 5.89, 2, 2, 'Legrand');
INSERT INTO article VALUES ('L16550', 'Cartucho Fusible Legrand T2 250 A', 5.89, 1, 1, 'Legrand');
INSERT INTO article VALUES ('L16555', 'Cartucho Fusible Legrand T2 315 A', 5.89, 3, 3, 'Legrand');
INSERT INTO article VALUES ('L16804', 'Cartucho Fusible Legrand T2 400 A', 3.03, 3, 1, 'Legrand');
INSERT INTO article VALUES ('L17000', 'Puente Neutro Legrand T2', 9.47, 1, 1, 'Legrand');
INSERT INTO article VALUES ('L17055', 'Bases De Fusible Cuchillas T3', 7.99, 3, 3, NULL);
INSERT INTO article VALUES ('L17060', 'Puente Neutro Legrand T3', 8.11, 2, 2, 'Legrand');
INSERT INTO article VALUES ('L17065', 'Bases De Fusible Cuchillas T4', 8.11, 2, 1, NULL);
INSERT INTO article VALUES ('L17355', 'Grapillon  Hasta 3 X 1.5', 7.18, 3, 2, NULL);
INSERT INTO article VALUES ('L17555', 'Collarines Legrand L180', 10.43, 1, 1, 'Legrand');
INSERT INTO article VALUES ('L17560', 'Collarines Legrand L280', 10.43, 1, 1, 'Legrand');
INSERT INTO article VALUES ('L17565', 'Bornas 2 X 6 Legrand', 10.43, 1, 1, 'Legrand');
INSERT INTO article VALUES ('L17570', 'Bornas 2 X 10 Legrand', 11.09, 1, 1, 'Legrand');
INSERT INTO article VALUES ('L17575', 'Bornas 2 X 16 Legrand', 11.09, 2, 2, 'Legrand');
INSERT INTO article VALUES ('L17804', 'Bornas 2 X 25 Legrand', 6.22, 3, 3, 'Legrand');
INSERT INTO article VALUES ('L18100', 'Bornas 2 X 35 Legrand', 23.18, 1, 1, 'Legrand');
INSERT INTO article VALUES ('L18104', 'Bornas Clic 2 X 30 Legrand', 14.74, 1, 1, 'Legrand');
INSERT INTO article VALUES ('L18500', 'Bornas Clic 2 X 50 Legrand', 532.60, 1, 1, 'Legrand');
INSERT INTO article VALUES ('L31577', 'Bornas Clic 2 X 75 Legrand', 0.03, 448, 326, 'Legrand');
INSERT INTO article VALUES ('L32038', 'Bornas Clic 2 X 120 Legrand', 0.04, 372, 141, 'Legrand');
INSERT INTO article VALUES ('L32043', 'Regletas  4 Mm Legrand', 0.07, 41, 4, 'Legrand');
INSERT INTO article VALUES ('L34000', 'Regletas 6 Mm Legrand', 2.40, 6, 1, 'Legrand');
INSERT INTO article VALUES ('L34001', 'Regletas 10 Mm Legrand', 3.01, 3, 3, 'Legrand');
INSERT INTO article VALUES ('L34002', 'Regletas 16 Mm Legrand', 3.29, 4, 3, 'Legrand');
INSERT INTO article VALUES ('L34003', 'Regletas 25 Mm Legrand', 7.57, 1, 1, 'Legrand');
INSERT INTO article VALUES ('L34004', 'Puente Tierra Legrand', 9.23, 3, 1, 'Legrand');
INSERT INTO article VALUES ('L34043', 'Bornas Legran 6mm', 1.83, 11, 7, 'Legrand');
INSERT INTO article VALUES ('L34044', 'Bornas Riel Legrand 25m/m', 2.87, 7, 4, 'Legrand');
INSERT INTO article VALUES ('L34045', 'Bornas De Riel Legrand 35 M/m', 5.14, 3, 1, 'Legrand');
INSERT INTO article VALUES ('L34047', 'Bornas De Riel Legrand 70 M/m', 19.44, 1, 1, 'Legrand');
INSERT INTO article VALUES ('L34211', 'Bornas De Riel Legrand Toma Tierr', 0.61, 11, 5, 'Legrand');
INSERT INTO article VALUES ('L34213', 'Bornas De Riel Legrand Toma De Ti', 0.66, 45, 13, 'Legrand');
INSERT INTO article VALUES ('L34215', 'Imterruptor Legrand Iii Saliente', 0.84, 25, 22, 'Legrand');
INSERT INTO article VALUES ('L34217', 'Telerruptor Legrand', 1.33, 19, 2, 'Legrand');
INSERT INTO article VALUES ('L34219', 'Telerruptor Legrand', 3.62, 6, 1, 'Legrand');
INSERT INTO article VALUES ('L34389', 'Interruptor Crepuscular Legrand', 3.65, 2, 2, 'Legrand');
INSERT INTO article VALUES ('L37066', '4 Bases De Enchufe Legrang Superf', 1.36, NULL, 2, 'Legrand');
INSERT INTO article VALUES ('L37068', 'Base Tipre Legrang Superficie', 1.72, 5, 3, 'Legrand');
INSERT INTO article VALUES ('L37099', 'Clavija Legrand Ii Polos 20a', 6.83, 4, 1, 'Legrand');
INSERT INTO article VALUES ('L37374', 'Base Legrand Ii Polos Tt 25 A', 2.12, 14, 12, 'Legrand');
INSERT INTO article VALUES ('L37378', 'Base Enchufe 20 A. Legrand', 3.43, 1, 1, 'Legrand');
INSERT INTO article VALUES ('L46164', 'Clavija 20 A. Legrand', 12.56, 1, 1, 'Legrand');
INSERT INTO article VALUES ('L49107', 'Base Enchufe 32 A. Legrand', 9.65, 1, 1, 'Legrand');
INSERT INTO article VALUES ('L49119', 'Bases Legrand 16a Inclinada', 16.77, 1, 1, 'Legrand');
INSERT INTO article VALUES ('L49842', 'Base Aerea Legrand Iii-n-tt', 29.69, 1, 1, 'Legrand');
INSERT INTO article VALUES ('L50510', 'Base Legrand 3p+t 16a Empotrar Cu', 2.46, 6, 4, 'Legrand');
INSERT INTO article VALUES ('L50512', 'Clavija Legrand 16', 3.07, 2, 1, 'Legrand');
INSERT INTO article VALUES ('L50540', 'Clavija Legrand Iii-n-tt', 3.64, 4, 3, 'Legrand');
INSERT INTO article VALUES ('L55152', 'Base Legrand 3p+t 32 A Empotrar C', 3.08, 9, 8, 'Legrand');
INSERT INTO article VALUES ('L55423', 'Clavija Legrand 32a Iii-tt', 2.86, 9, 6, 'Legrand');
INSERT INTO article VALUES ('L55432', 'Interruptor 1 M. Legrand Serie Mo', 3.71, 7, 7, 'Legrand');
INSERT INTO article VALUES ('L55802', 'Conmutador 1 M. Legrand Serie Mos', 5.58, 1, 1, 'Legrand');
INSERT INTO article VALUES ('L55812', 'Interruptor 2 M. Legrand Serie Mo', 6.94, 3, 3, 'Legrand');
INSERT INTO article VALUES ('L57308', 'Conmutador 2 M. Legrand Serie Mos', 6.46, 1, 1, 'Legrand');
INSERT INTO article VALUES ('L57309', 'Cruzamiento 2 M. Legrand Serie Mo', 8.35, 1, 1, 'Legrand');
INSERT INTO article VALUES ('L57368', 'Cruzamiento 1 M. Legrand Serie Mo', 6.25, 4, 1, 'Legrand');
INSERT INTO article VALUES ('L57428', 'Base Enchufe Normal 1 M. Legrand', 5.02, 5, 5, 'Legrand');
INSERT INTO article VALUES ('L58068', 'Base Enchufe T.t. 2 M. Legrand Se', 6.79, 4, 2, 'Legrand');
INSERT INTO article VALUES ('L58128', 'Base Enchufe Schuco 2 M. Legrand', 6.25, 3, 3, 'Legrand');
INSERT INTO article VALUES ('cp3X1.5', 'Interruptor Diferencial  2 P, 40', 0.75, 2, 1, 'IntDif');
INSERT INTO article VALUES ('cp3X2.5', 'Imterruptor Diferencial P 2 40 A', 0.96, 8, 1, NULL);
INSERT INTO article VALUES ('CPT001', 'Tubo Fluorescente 36w Tld', 2.10, 13, 7, NULL);
INSERT INTO article VALUES ('CPT002', 'Tubo Fluorescente 40w Color', 1.86, 9, 3, NULL);
INSERT INTO article VALUES ('CPT200', 'Tubo Fluorescente 20w Luz Negra', 12.62, 2, 2, NULL);
INSERT INTO article VALUES ('FAF36L', 'Lampara Esf R14 60w Clara', 5.38, 4, 3, NULL);
INSERT INTO article VALUES ('FELM3', 'Placa Ciega Ticino Tekne', 147.25, 1, 1, 'Ticino');
INSERT INTO article VALUES ('FO5/140', 'Interruptor Diferencial  4 P, 25', 10.70, 2, 2, 'IntDif');
INSERT INTO article VALUES ('FO5/141', 'Interruptor Diferencial  4 P, 25', 7.83, 2, 2, 'IntDif');
INSERT INTO article VALUES ('FO5/143', 'Interruptor Diferencial  4 P, 40', 8.43, 2, 2, 'IntDif');
INSERT INTO article VALUES ('FO5/16', 'Interruptor Diferencial  4 P, 40', 27.65, 1, 1, 'IntDif');
INSERT INTO article VALUES ('FO5/17', 'Interruptor Diferencial  4 P, 63', 20.73, 1, 1, 'IntDif');
INSERT INTO article VALUES ('FO5/50', 'Interruptor Diferencial  4 P, 63', 25.24, 1, 1, 'IntDif');
INSERT INTO article VALUES ('HICH36', 'Interruptor Magnetotermico  1p, 1', 28.58, 1, 1, 'IntMagn');
INSERT INTO article VALUES ('ID22530', 'Interruptor Magnetotermico  1p, 1', 47.60, 1, 1, 'IntMagn');
INSERT INTO article VALUES ('ID24030', 'Interruptor Magnetotermico  1p, 1', 50.39, 1, 1, 'IntMagn');
INSERT INTO article VALUES ('ID24030N', 'Interruptor Magnetotermico  1p, 1', 9.98, 1, 1, 'IntMagn');
INSERT INTO article VALUES ('ID42530', 'Interruptor Magnetotermico  1p, 2', 87.36, 1, 1, 'IntMagn');
INSERT INTO article VALUES ('ID425300', 'Interruptor Magnetotermico  1p, 2', 73.83, 1, 1, 'IntMagn');
INSERT INTO article VALUES ('ID44030', 'Interruptor Magnetotermico  1p, 2', 94.18, 1, 1, 'IntMagn');
INSERT INTO article VALUES ('ID440300', 'Interruptor Magnetotermico  1p, 2', 79.63, 1, 1, 'IntMagn');
INSERT INTO article VALUES ('ID46330', 'Interruptor Magnetotermico  1p, 3', 204.34, 1, 1, 'IntMagn');
INSERT INTO article VALUES ('ID463300', 'Interruptor Magnetotermico  1p, 3', 105.06, 1, 1, 'IntMagn');
INSERT INTO article VALUES ('IM1P10L', 'Interruptor Magnetotermico  1p, 5', 6.88, 3, 2, 'IntMagn');
INSERT INTO article VALUES ('IM1P10V', 'Magnetotermico 2 Polos 15 A', 8.08, 2, 2, NULL);
INSERT INTO article VALUES ('IM1P15L', 'Magnetotermico 2 Polos 25 A', 6.88, 1, 1, NULL);
INSERT INTO article VALUES ('IM1P15V', 'Magnetotermico 2 Polos 30 A', 8.08, 2, 1, NULL);
INSERT INTO article VALUES ('IM1P20L', 'Interruptor Magnetotermico  2p, 1', 6.88, 2, 2, 'IntMagn');
INSERT INTO article VALUES ('IM1P20V', 'Interruptor Magnetotermico  2p, 1', 8.08, 3, 1, 'IntMagn');
INSERT INTO article VALUES ('IM1P25L', 'Interruptor Magnetotermico  2p, 1', 6.88, 3, 1, 'IntMagn');
INSERT INTO article VALUES ('IM1P25V', 'Interruptor Magnetotermico  2p, 1', 8.07, 2, 2, 'IntMagn');
INSERT INTO article VALUES ('IM1P32L', 'Interruptor Magnetotermico  2p, 2', 8.38, 2, 2, 'IntMagn');
INSERT INTO article VALUES ('IM1P32V', 'Interruptor Magnetotermico  2p, 2', 8.91, 1, 1, 'IntMagn');
INSERT INTO article VALUES ('IM1P5L', 'Interruptor Magnetotermico  2p, 2', 7.99, 1, 1, 'IntMagn');
INSERT INTO article VALUES ('IM2710', 'Interruptor Niesen Lisa Blanco', 8.67, 1, 1, 'Niessen');
INSERT INTO article VALUES ('IM2F15', 'Interruptor Magnetotermico  2p, 2', 16.41, 1, 1, 'IntMagn');
INSERT INTO article VALUES ('IM2F25', 'Interruptor Magnetotermico  2p, 3', 16.41, 1, 1, 'IntMagn');
INSERT INTO article VALUES ('IM2F30', 'Interruptor Magnetotermico  2p, 3', 17.29, 1, 1, 'IntMagn');
INSERT INTO article VALUES ('IM2P10L', 'Interruptor Magnetotermico  2p, 4', 14.84, 2, 1, 'IntMagn');
INSERT INTO article VALUES ('IM2P10V', 'Interruptor Magnetotermico  2p, 5', 18.09, 1, 1, 'IntMagn');
INSERT INTO article VALUES ('IM2P15L', 'Interruptor Magnetotermico  3p, 1', 14.41, 1, 1, 'IntMagn');
INSERT INTO article VALUES ('IM2P15V', 'Interruptor Magnetotermico  3p, 1', 18.09, 1, 1, 'IntMagn');
INSERT INTO article VALUES ('IM2P20L', 'Interruptor Magnetotermico  3p, 1', 14.84, 1, 1, 'IntMagn');
INSERT INTO article VALUES ('IM2P20V', 'Interruptor Magnetotermico  3p, 1', 17.44, 1, 1, 'IntMagn');
INSERT INTO article VALUES ('IM2P25L', 'Interruptor Magnetotermico  3p, 2', 14.84, 2, 2, 'IntMagn');
INSERT INTO article VALUES ('TSF11', 'Tubo Sapa   21', 1.89, 10, 10, NULL);
INSERT INTO article VALUES ('TSF13.5', 'Tubo Sapa   29', 2.29, 11, 3, NULL);
INSERT INTO article VALUES ('TSF16', 'Tubo Sapa   9', 2.52, NULL, 7, NULL);
INSERT INTO article VALUES ('TSF21', 'Caja 2 Contadores Y C/c Empotrar', 3.72, 4, 4, NULL);
INSERT INTO article VALUES ('TSF29', 'Caja 1 Contador Trifasico Y C/c', 4.96, 1, 1, NULL);
INSERT INTO article VALUES ('TSF36', 'Caja 1 Cotador Monofasico Y C/c E', 6.77, 4, 2, NULL);
INSERT INTO article VALUES ('TSF9', 'Caja 1 Contador Trifasico Y C/c E', 1.55, 8, 2, NULL);
INSERT INTO article VALUES ('Tsp11', 'Caja 3 Contadores Centralizacion', 1.38, 5, 1, NULL);
INSERT INTO article VALUES ('Tsp13.5', 'Caja 4 Contadores Centralizacion', 1.63, 16, 3, NULL);
INSERT INTO article VALUES ('Tsp16', 'Caja Dos Contadores Monofasicos', 1.88, 10, 5, NULL);
INSERT INTO article VALUES ('Tsp21', 'Interruptor De Rotura Brusca 100', 2.72, 6, 2, NULL);
INSERT INTO article VALUES ('Tsp29', 'Interruptor De Rotura Brusca 250', 3.53, 5, 2, NULL);
INSERT INTO article VALUES ('Tsp9', 'Interruptor De Rotura Brusca 400', 1.23, 3, 2, NULL);
INSERT INTO article VALUES ('U3002', 'Interruptor Bjc Lineal Blanco', 5.51, 5, 4, NULL);
INSERT INTO article VALUES ('UCM 7', 'Interruptor Rotura Brusca 100 A', 156.98, 1, 1, NULL);
INSERT INTO article VALUES ('Ucm2', 'Canaleta Unex 40x90', 33.78, 1, 1, NULL);
INSERT INTO article VALUES ('UCM3', 'Caja De Proteccion 160 A Iii.n', 49.52, 1, 1, NULL);
INSERT INTO article VALUES ('UCM4', 'Caja De Proteccion 250 A Iii.n', 45.68, 1, 1, NULL);
INSERT INTO article VALUES ('UCM5', 'Caja De Proteccion 400 A Iii.n', 71.08, 1, 1, NULL);
INSERT INTO article VALUES ('UCM6', 'Caja De Proteccion 80 A F.n', 101.39, 4, 3, NULL);
INSERT INTO article VALUES ('UCM8', 'Caja De Protecciom 80 A Iii.n', 47.24, 1, 1, NULL);
INSERT INTO article VALUES ('UI400P4', 'Caja Superficie Vilaplana 100', 110.23, 4, 3, NULL);
INSERT INTO article VALUES ('UIR100A', 'Caja Diferenciales 36 Elementos', 83.54, 1, 1, NULL);
INSERT INTO article VALUES ('UIR160', 'Pantalla Vilaplana 2x40w', 83.54, 1, 1, NULL);
INSERT INTO article VALUES ('UIR250', 'Caja Superficie Vilaplana 80', 100.49, 4, 3, NULL);
INSERT INTO article VALUES ('UNEX4090', 'Caja Vilaplana Sperficie 60', 6.08, 3, 2, NULL);
INSERT INTO article VALUES ('UP1603', 'Caja Empalme Vilaplana 80', 85.34, 1, 1, NULL);
INSERT INTO article VALUES ('UP250P3', 'Caja Empalme Vilaplana 100', 117.62, 4, 3, NULL);
INSERT INTO article VALUES ('UP400P3', 'Caja Empalme Vilaplana 100 X 100', 125.43, 4, 3, NULL);
INSERT INTO article VALUES ('UP80A2', 'Caja Empalme Vilaplana 160 X 100', 24.01, 1, 1, NULL);
INSERT INTO article VALUES ('UP80A3', 'Caja Emaplme Vilaplana 150 X 150', 30.29, 1, 1, NULL);
INSERT INTO article VALUES ('VI1017B', 'Caja Empalme Vilaplana 250 X 250', 43.89, 1, 1, NULL);
INSERT INTO article VALUES ('VI24E', 'Caja Empalme Vilaplana 200 X 200', 0.46, 12, 9, NULL);
INSERT INTO article VALUES ('VI25E', 'Caja Empalme Vilaplana 200 X 130', 0.72, 24, NULL, NULL);
INSERT INTO article VALUES ('VI500', 'Caja Diferenciales 1 E. Vilaplana', 25.24, 1, 1, NULL);
INSERT INTO article VALUES ('VI523E', 'Caja Diferenciales 2 E. Vilaplana', 0.33, 2, 1, NULL);
INSERT INTO article VALUES ('VI531E', 'Caja Diferenciales 4 E. Vilaplana', 0.31, 14, 13, NULL);
INSERT INTO article VALUES ('VI532E', 'Caja Diferenciales 6 E. Vilaplana', 0.50, 14, 7, NULL);
INSERT INTO article VALUES ('VI533E', 'Caja Diferenciales 8 E. Vilaplana', 0.59, 8, 7, NULL);
INSERT INTO article VALUES ('VI535E', 'Caja Diferenciales 12 E. Vilaplan', 1.08, 6, 2, NULL);
INSERT INTO article VALUES ('VI536E', 'Caja Diferenciales 1-12 E. Vilapl', 1.35, 11, 8, NULL);
INSERT INTO article VALUES ('VI546E', 'Caja Diferenciales 18 E. Vilaplan', 3.61, 1, 1, NULL);
INSERT INTO article VALUES ('VI553E', 'Caja Diferenciales 1-6 E. Vilapla', 2.40, 3, 1, NULL);
INSERT INTO article VALUES ('VI557E', 'Caja Diferenciales 1-8 E. Vilapla', 1.59, 15, 2, NULL);
INSERT INTO article VALUES ('VI718S', 'Caja Diferenciales 1-12 E. Vilapl', 1.14, 4, 21, NULL);
INSERT INTO article VALUES ('VI719S', 'Caja Diferenciales 2-12 E. Vilapl', 1.29, 19, 4, NULL);
INSERT INTO article VALUES ('VI720S', 'Caja Diferenciales 3-12 E. Vilapl', 1.49, 20, 5, NULL);
INSERT INTO article VALUES ('VI725S', 'Caja Diferenciales 12 E. Con Puer', 2.31, 1, 1, NULL);
INSERT INTO article VALUES ('VI726S', 'Caja Diferenciales 2-12 E. Puerta', 2.94, 7, 5, NULL);
INSERT INTO article VALUES ('VI727S', 'Caja Diferenciales 16 E Superfici', 4.39, 6, 3, NULL);
INSERT INTO article VALUES ('VI731E', 'Caja Diferenciales 1-12 Elem. Vil', 4.75, 2, 2, NULL);
INSERT INTO article VALUES ('VI735E', 'Caja Diferenciales 2-12 Elem. Vil', 4.75, 4, 2, NULL);
INSERT INTO article VALUES ('VI741E', 'Caja Diferenciales 3-12 Elem. Vil', 3.91, 6, 5, NULL);
INSERT INTO article VALUES ('VI745E', 'Caja Diferenciales 4-12 Elem. Vil', 4.09, 7, 6, NULL);
INSERT INTO article VALUES ('VI773S', 'Caja Diferenciales 1-6 E. Puerta', 4.85, 1, 1, NULL);
INSERT INTO article VALUES ('VI774S', 'Caja Diferenciales 1-8 E. Puerta', 7.99, 3, 2, NULL);
INSERT INTO article VALUES ('VI775S', 'Caja Diferenciales 1-12 E. Puerta', 11.31, 2, 2, NULL);
INSERT INTO article VALUES ('VI800E', 'Caja Diferenciales 1-8 Elem. Vila', 6.62, 2, 2, NULL);
INSERT INTO article VALUES ('VI801E', 'Caja Diferenciales 2-8 Elem. Vila', 11.17, 2, 1, NULL);
INSERT INTO article VALUES ('VI824S', 'Caja Diferenciales 3-8 Elem. Vila', 49.28, 1, 1, NULL);
INSERT INTO article VALUES ('VI830E', 'Caja Diferenciales 4-8 Elem. Vila', 8.41, 3, 3, NULL);
INSERT INTO article VALUES ('VI831E', 'Interruptor Horario Pgrama Semana', 8.41, 3, 2, NULL);
INSERT INTO article VALUES ('VI832E', 'Base Salida Inclinada Legrand Iii', 8.41, 3, 3, 'Legrand');
INSERT INTO article VALUES ('VI833E', 'Piqueta Tt Enchufable 200m', 8.41, 1, 1, NULL);
INSERT INTO article VALUES ('VI845S', 'Pieza De Empalme Piqueta Tt', 6.80, 2, 2, NULL);
INSERT INTO article VALUES ('VI846S', 'Grapa Empalme Piqueta Tt', 7.45, 1, 1, NULL);
INSERT INTO article VALUES ('VI847S', 'Tubo Fluorescente 40 W', 9.20, 1, 1, NULL);
INSERT INTO article VALUES ('VI860E', 'Tubo Florescente 20 W', 7.15, 1, 1, NULL);
INSERT INTO article VALUES ('VI861E', 'Tubo Fluorescente 22w Cilindrico', 7.15, 3, 2, NULL);
INSERT INTO article VALUES ('VI862E', 'Tubo Fluorescente 32w Cilindrico', 7.15, 2, 2, NULL);
INSERT INTO article VALUES ('VI863E', 'Tubo Fluorescente 40w Cilindrico', 7.15, 2, 2, NULL);
INSERT INTO article VALUES ('ZN5101B', 'Placa 3 Elementos Niesen Lisa B', 2.46, 3, 2, 'Niessen');
INSERT INTO article VALUES ('ZN5102B', 'Tomas De Telefono Niesen Lisa B', 2.79, 8, 5, 'Niessen');
INSERT INTO article VALUES ('ZN5103B', 'Conmutador Plastimetal', 1.75, 6, 5, NULL);
INSERT INTO article VALUES ('ZN5104B', 'Base Enchufe Tt Plastimetal', 2.44, 1, 1, NULL);
INSERT INTO article VALUES ('ZN5106B', 'Cruzamiento Plastimetal', 2.30, 6, 1, NULL);
INSERT INTO article VALUES ('ZN5108B', 'Base Plastimetal Tt Lateral', 2.48, 12, 7, NULL);
INSERT INTO article VALUES ('ZN5110B', 'Interruptor Plastimetal Marfil', 5.34, 3, 3, NULL);
INSERT INTO article VALUES ('ZN5117B', 'Portero Felmax 3 Lineas', 2.97, 8, 2, NULL);
INSERT INTO article VALUES ('ZN5171B', 'Cortacircuitos 10a Plastimetal', 0.90, 30, 5, NULL);
INSERT INTO article VALUES ('ZN5172B', 'Cortacircuitos 15a Plastimetal', 1.33, 5, 3, NULL);
INSERT INTO article VALUES ('ZN5173B', 'Cajas 1,2,3 Elementos  Plastimeta', 1.82, 2, 2, NULL);
INSERT INTO article VALUES ('ZN5188B', 'Base De Enchufe Plastimetal', 1.83, 4, 3, NULL);
INSERT INTO article VALUES ('ZNCL', 'Base T,t Lateral Ticino S, Tekne', 41.71, 1, 1, 'Ticino');
INSERT INTO article VALUES ('ZNP3L', 'Cortacircuito Ticino S,tekne', 107.28, 1, 1, 'Ticino');
INSERT INTO article VALUES ('ZP504', 'Soporte Placa Ticino Tekne', 1.00, 13, 5, 'Ticino');
INSERT INTO article VALUES ('ZP504T', 'Conmutador Ticino Tekne', 1.39, 9, 2, 'Ticino');
INSERT INTO article VALUES ('ZP515', 'Interruptor Ticino Serie Tekne', 1.77, 13, 1, 'Ticino');
INSERT INTO article VALUES ('Zp615', 'Caja Tres Elementos', 2.22, 5, 4, NULL);
INSERT INTO article VALUES ('Zp635', 'Placa 1,2,3 E Ticino Serie Tekne', 3.99, 5, 5, 'Ticino');
INSERT INTO article VALUES ('zp714', 'Cruzamiento Ticino S,tekne', 1.54, 6, 6, 'Ticino');
INSERT INTO article VALUES ('zp724', 'Pusador Luz Ticino S, Tekne', 2.35, 11, 8, 'Ticino');
INSERT INTO article VALUES ('ZP903', 'Pulsador Campana Ticino S, Tekne', 0.51, 50, 23, 'Ticino');
INSERT INTO article VALUES ('L57429', 'Base Enchufe Normal 2 M. Legrand', 6.13, 4, 1, 'Legrand');
INSERT INTO article VALUES ('L76015', 'Cortacircuitos 10a. 2m. Legrand S', 2.38, 6, 3, 'Legrand');
INSERT INTO article VALUES ('L76151', 'Pieza 6 E. Legrand Serie Mosaic', 1.59, 7, 7, 'Legrand');
INSERT INTO article VALUES ('L37062', 'Base Multipre 4 Bases Legran', 0.61, 46, 41, 'Legrand');


--
-- TOC entry 1823 (class 0 OID 16562)
-- Dependencies: 140
-- Data for Name: categoria; Type: TABLE DATA; Schema: public; Owner: factura
--

INSERT INTO categoria VALUES ('Niessen', 'Components Niesen Serie Lisa');
INSERT INTO categoria VALUES ('Vilaplana', 'Components marca Vilaplana');
INSERT INTO categoria VALUES ('BjcOlimpia', 'Components Bjc Seria Olimpia');
INSERT INTO categoria VALUES ('IntDif', 'Interruptor Diferencial');
INSERT INTO categoria VALUES ('Ticino', 'Components marca Ticino');
INSERT INTO categoria VALUES ('Simon', 'Components marca Simon');
INSERT INTO categoria VALUES ('IntMagn', 'Interruptor Magnetotrmico');
INSERT INTO categoria VALUES ('Legrand', 'Components marca Legrand');


--
-- TOC entry 1826 (class 0 OID 16592)
-- Dependencies: 143
-- Data for Name: client; Type: TABLE DATA; Schema: public; Owner: factura
--

INSERT INTO client VALUES (3, 'DAMBORENEA CORBATO, ALICIA', 'CALLE MADRID, 83', 12425, 17859);
INSERT INTO client VALUES (15, 'GUAL SALES, MARIA', 'FELIPE II, 49', 3707, 39063);
INSERT INTO client VALUES (18, 'MATEU MARTI, MARIA DOLORES', 'CALLE PADRE LUIS MADRE LLOP, 30', 3607, 29149);
INSERT INTO client VALUES (21, 'BELTRAN MENEU, CRISTINA', 'GABRIEL SOLE, 10-6', 46186, 31982);
INSERT INTO client VALUES (30, 'CANCELAS MORA, MARIA', 'PINTOR ZARIQENA, 117-4', 46501, 7625);
INSERT INTO client VALUES (36, 'TICHELL MONLLEO, MARIA ANGELES', 'CORAZON DE JESUS, 171', 46426, 33246);
INSERT INTO client VALUES (69, 'GALLEN HUERTA, OLGA', 'RICARDO CARRERAS, 75', 12094, 48192);
INSERT INTO client VALUES (72, 'NAVARRO BARBERO, MARIA LLEDO', 'BURRIANA, 19-15', 12406, 48037);
INSERT INTO client VALUES (78, 'IGLESIAS NAVARRO, IGNACIO', 'ESCULTOR VICIANA, 30-15', 3615, 45004);
INSERT INTO client VALUES (120, 'CASTELLO DAMBORENEA, ENRIQUE JAVIER', 'GRUPO SAN VICENTE, 138-11', 12257, 46332);
INSERT INTO client VALUES (174, 'RODRIGUEZ ALOS, JORDI SABINA', 'EL PLA, 100-8', 12042, 2814);
INSERT INTO client VALUES (213, 'MEDRANO FELIS, FERNANDO', 'SALVADO BARRI, 141', 46454, 49180);
INSERT INTO client VALUES (216, 'DAMBORENEA VALLS, DIEGO RAFAEL', 'AVENIDA ALMASSORA, 51', 3008, 1651);
INSERT INTO client VALUES (252, 'CEPRIA LORENTE, CARLOS MIGUEL', 'VINAROZ, 137', 12974, 5495);
INSERT INTO client VALUES (261, 'AMO MONTSN, RAMON FERNANDO', 'CALLE BENICARLO, 42', 46332, 32101);
INSERT INTO client VALUES (264, 'ADELL VILLALONGA, LUIS JOSE', 'MANUEL BECERRA, 61', 12712, 28097);
INSERT INTO client VALUES (282, 'MORA RIBES, ENRIQUE MIGUEL', 'CALLE BENASAL, 146-14', 46367, 11024);
INSERT INTO client VALUES (294, 'BELTRAN MUNYOZ, JAIME VICENTE', 'DEL ANGEL, 79-2', 46390, 2050);
INSERT INTO client VALUES (297, 'NAVARRO GARGALLO, CARLOS', 'PEDRO ALCAZAR, 72-6', 46470, 37953);
INSERT INTO client VALUES (303, 'MIRAVET SALA, MARIA MERCEDES', 'URBANIZACION EL BALCO, 84-11', NULL, 53596);
INSERT INTO client VALUES (306, 'SAMPEDRO SIMO, MARIA MERCEDES', 'FINELLO, 161', 12217, 7766);
INSERT INTO client VALUES (309, 'GISBERT MIRALLES, BEATRIZ LAURA', 'CALLE ASUNCION FRANCH, 79', 12111, 12309);
INSERT INTO client VALUES (312, 'DE LA CRUZ AZNAR, CONCHITA PATRICIA', 'GRUPO ZAFER, 55', 12868, 53596);
INSERT INTO client VALUES (315, 'VILLALONGA SANCHIS, MILAGROS', 'RONDA ESCALANTE, 71-11', NULL, 53596);
INSERT INTO client VALUES (318, 'PITARCH MONSONIS, MARIA CARMEN', 'SALVADOR, 136', 12708, 12309);
INSERT INTO client VALUES (321, 'GARCIA CASADO, YOLANDA', 'CONCEPCION ARENAL, 18-14', 12914, 53596);
INSERT INTO client VALUES (324, 'ADELL GALMES, MERCEDES ROSARIO', 'MAJOR POBLENOV, 18', 12597, 53596);
INSERT INTO client VALUES (327, 'HERRERA SALA, ANA', 'FOIA DE BUNYOL, 15', 12162, 32093);
INSERT INTO client VALUES (330, 'MARTI MOLTO, CONCHITA', 'SAN ABDON, 152', NULL, 53596);
INSERT INTO client VALUES (333, 'SOS CARRETERO, JESUS', 'MOSEN COMPTE, 14', 12964, 53596);
INSERT INTO client VALUES (336, 'MIGUEL ARCHILES, OSCAR RAMON', 'HISANT BERNARDO MUNDINA, 132-5', 12652, 7766);
INSERT INTO client VALUES (339, 'CHALER SORIANO, MANUEL DIEGO', 'SAN ROBERTO, 27', NULL, 53596);
INSERT INTO client VALUES (342, 'PINEL HUERTA, VICENTE', 'FRANCISCO SEMPERE, 37-10', 12112, 7766);
INSERT INTO client VALUES (345, 'LOPEZ BOTELLA, MAURO', 'AVENIDA DEL PUERTO, 20-1', 12439, 12309);
INSERT INTO client VALUES (348, 'PALAU MARTINEZ, JORGE', 'RAVAL DE SANT JOSEP, 97-2', 12401, 12309);
INSERT INTO client VALUES (351, 'RINCON VERNIA, DAVID', 'BORRIOL, 74', NULL, 12309);
INSERT INTO client VALUES (354, 'MURIA VINAIZA, JOSE', 'CIUDADELA, 90-18', 12990, 12309);
INSERT INTO client VALUES (357, 'HUGUET PERIS, JUAN ANGEL', 'CALLE MESTRE RODRIGI, 7', 12930, 12309);
INSERT INTO client VALUES (360, 'FABREGA GARGORI, JAVIER SEBASTIAN', 'SANTA GEMA GALGANI, 130', 12939, 32093);
INSERT INTO client VALUES (363, 'VILLALONGA RAMIREZ, DIEGO SERGIO', 'CALLE BARTOLOME REUS, 98-7', 12332, 32093);
INSERT INTO client VALUES (366, 'BADENES CEPRIA, ANDRES RICARDO', 'MAESTRO CABALLEROS, 30-4', 12397, 12309);
INSERT INTO client VALUES (369, 'BOTELLA CATALA, JUAN', 'MONCADA, 70', 12572, 7766);
INSERT INTO client VALUES (372, 'LOPEZ LLORENS, SANCHEZ MARCOS', 'CALLE DOLORS, 6', 12967, 53596);
INSERT INTO client VALUES (375, 'LOPEZ RINCON, LUIS MIGUEL', 'PADRE MELIA, 49', NULL, 7766);
INSERT INTO client VALUES (378, 'GUIMERA AGOST, LUIS', 'PADRE PEDRO VELASCO, 89', 12423, 53596);
INSERT INTO client VALUES (381, 'GUILLOT BELDA, FRANCISCO JOSE', 'PLAZA MAYOR, 200', 12059, 12309);
INSERT INTO client VALUES (384, 'LOPEZ GUITART, XAVIER', 'CALLE PUIG RODA, 162', NULL, 7766);
INSERT INTO client VALUES (387, 'TUR MARTIN, MANUEL FRANCISCO', 'CALLE PEDRO VIRUELA, 108-8', 12008, 7766);
INSERT INTO client VALUES (390, 'AZNAR MONFERRER, ADRIAN', 'EBANISANTA HERVAS, 138', NULL, 32093);


--
-- TOC entry 1828 (class 0 OID 16617)
-- Dependencies: 145
-- Data for Name: factura; Type: TABLE DATA; Schema: public; Owner: factura
--

INSERT INTO factura VALUES (6535, '2015-01-01', 306, 205, 21, 10);
INSERT INTO factura VALUES (6538, '2015-01-11', 345, 5, 10, 10);
INSERT INTO factura VALUES (6539, '2015-01-14', 357, 305, 10, 25);
INSERT INTO factura VALUES (6542, '2015-01-18', 375, 205, 21, 10);
INSERT INTO factura VALUES (6547, '2015-01-26', 72, 205, 0, 0);
INSERT INTO factura VALUES (6549, '2015-02-01', 315, 155, 21, 20);
INSERT INTO factura VALUES (6550, '2015-02-03', 261, 405, 21, 20);
INSERT INTO factura VALUES (6552, '2015-02-10', 78, 305, 0, 0);
INSERT INTO factura VALUES (6553, '2015-02-10', 387, 5, 0, 20);
INSERT INTO factura VALUES (6554, '2015-02-12', 306, 455, 21, 10);
INSERT INTO factura VALUES (6557, '2015-02-15', 318, 205, 0, 50);
INSERT INTO factura VALUES (6559, '2015-02-16', 387, 5, 10, 10);
INSERT INTO factura VALUES (6563, '2015-02-21', 18, 205, 10, 10);
INSERT INTO factura VALUES (6564, '2015-02-21', 345, 305, 21, 25);
INSERT INTO factura VALUES (6565, '2015-02-22', 30, 455, 10, 0);
INSERT INTO factura VALUES (6566, '2015-02-25', 78, 105, 10, 0);
INSERT INTO factura VALUES (6569, '2015-02-26', 375, 255, 21, 0);
INSERT INTO factura VALUES (6572, '2015-03-09', 384, 5, 21, 10);
INSERT INTO factura VALUES (6574, '2015-03-11', 363, 405, 0, 0);
INSERT INTO factura VALUES (6577, '2015-03-25', 36, 155, 0, 50);
INSERT INTO factura VALUES (6579, '2015-03-28', 342, 355, 21, 50);
INSERT INTO factura VALUES (6581, '2015-03-31', 315, 5, 0, 10);
INSERT INTO factura VALUES (6584, '2015-04-07', 366, 305, 10, 20);
INSERT INTO factura VALUES (6585, '2015-04-08', 354, 55, 0, 25);
INSERT INTO factura VALUES (6586, '2015-04-10', 264, 205, 0, 0);
INSERT INTO factura VALUES (6587, '2015-04-10', 369, 305, 0, 25);
INSERT INTO factura VALUES (6588, '2015-04-13', 375, 305, 10, 50);
INSERT INTO factura VALUES (6589, '2015-04-14', 369, 105, 10, 10);
INSERT INTO factura VALUES (6590, '2015-04-14', 351, 455, 21, 25);
INSERT INTO factura VALUES (6594, '2015-04-20', 312, 155, 21, 25);
INSERT INTO factura VALUES (6595, '2015-04-21', 357, 405, 10, 25);
INSERT INTO factura VALUES (6596, '2015-04-27', 336, 305, 10, 0);
INSERT INTO factura VALUES (6601, '2015-05-03', 348, 255, 0, 0);
INSERT INTO factura VALUES (6604, '2015-05-04', 21, 405, 21, 0);
INSERT INTO factura VALUES (6609, '2015-05-17', 327, 255, 21, 20);
INSERT INTO factura VALUES (6610, '2015-05-17', 363, 155, 10, 25);
INSERT INTO factura VALUES (6611, '2015-05-21', 348, 155, 10, 0);
INSERT INTO factura VALUES (6612, '2015-05-22', 72, 105, 10, 20);
INSERT INTO factura VALUES (6615, '2015-05-29', 351, 405, 10, 20);
INSERT INTO factura VALUES (6617, '2015-06-07', 357, 255, 21, 10);
INSERT INTO factura VALUES (6618, '2015-06-09', 339, 305, 21, 20);
INSERT INTO factura VALUES (6620, '2015-06-11', 336, 5, 21, 10);
INSERT INTO factura VALUES (6622, '2015-06-14', 327, 205, 0, 20);
INSERT INTO factura VALUES (6626, '2015-06-24', 354, 305, 21, 0);
INSERT INTO factura VALUES (6629, '2015-06-26', 342, 5, 21, 25);
INSERT INTO factura VALUES (6630, '2015-06-27', 321, 255, 0, 10);
INSERT INTO factura VALUES (6633, '2015-06-30', 21, 255, 0, 20);
INSERT INTO factura VALUES (6634, '2015-07-01', 30, 205, 10, 0);
INSERT INTO factura VALUES (6635, '2015-07-03', 369, 155, 0, 10);
INSERT INTO factura VALUES (6638, '2015-07-08', 363, 255, 21, 25);
INSERT INTO factura VALUES (6639, '2015-07-08', 72, 355, 10, 10);
INSERT INTO factura VALUES (6641, '2015-07-12', 336, 55, 21, 0);
INSERT INTO factura VALUES (6642, '2015-07-16', 297, 405, 21, 25);
INSERT INTO factura VALUES (6643, '2015-07-16', 333, 305, 0, 10);
INSERT INTO factura VALUES (6644, '2015-07-16', 327, 405, 21, 0);
INSERT INTO factura VALUES (6645, '2015-07-17', 336, 205, 0, 20);
INSERT INTO factura VALUES (6647, '2015-07-20', 351, 355, 0, 50);
INSERT INTO factura VALUES (6650, '2015-07-27', 78, 305, 10, 10);
INSERT INTO factura VALUES (6651, '2015-07-28', 375, 105, 0, 10);
INSERT INTO factura VALUES (6654, '2015-08-01', 357, 355, 10, 25);
INSERT INTO factura VALUES (6656, '2015-08-02', 69, 355, 10, 20);
INSERT INTO factura VALUES (6658, '2015-08-06', 309, 405, 10, 10);
INSERT INTO factura VALUES (6659, '2015-08-09', 342, 5, 0, 0);
INSERT INTO factura VALUES (6664, '2015-08-17', 306, 455, 21, 10);
INSERT INTO factura VALUES (6667, '2015-08-24', 69, 155, 21, 20);
INSERT INTO factura VALUES (6674, '2015-09-02', 294, 305, 0, 0);
INSERT INTO factura VALUES (6675, '2015-09-04', 324, 105, 0, 50);
INSERT INTO factura VALUES (6678, '2015-09-07', 261, 155, 21, 20);
INSERT INTO factura VALUES (6679, '2015-09-07', 294, 355, 21, 10);
INSERT INTO factura VALUES (6680, '2015-09-10', 348, 305, 10, 0);
INSERT INTO factura VALUES (6682, '2015-09-12', 375, 5, 21, 20);
INSERT INTO factura VALUES (6685, '2015-09-20', 213, 355, 0, 20);
INSERT INTO factura VALUES (6686, '2015-09-20', 303, 205, 0, 25);
INSERT INTO factura VALUES (6687, '2015-09-21', 174, 455, 10, 20);
INSERT INTO factura VALUES (6688, '2015-09-21', 264, 355, 10, 25);
INSERT INTO factura VALUES (6690, '2015-09-23', 36, 405, 21, 25);
INSERT INTO factura VALUES (6693, '2015-09-25', 252, 155, 0, 10);
INSERT INTO factura VALUES (6694, '2015-09-25', 369, 455, 10, 10);
INSERT INTO factura VALUES (6695, '2015-09-27', 213, 105, 10, 20);
INSERT INTO factura VALUES (6697, '2015-09-29', 384, 255, 0, 10);
INSERT INTO factura VALUES (6700, '2015-10-02', 30, 455, 0, 20);
INSERT INTO factura VALUES (6701, '2015-10-04', 360, 255, 10, 0);
INSERT INTO factura VALUES (6702, '2015-10-05', 321, 155, 21, 0);
INSERT INTO factura VALUES (6703, '2015-10-07', 321, 105, 0, 25);
INSERT INTO factura VALUES (6706, '2015-10-12', 18, 5, 10, 10);
INSERT INTO factura VALUES (6709, '2015-10-17', 318, 5, 0, 10);
INSERT INTO factura VALUES (6712, '2015-10-24', 216, 5, 0, 50);
INSERT INTO factura VALUES (6713, '2015-10-25', 72, 405, 0, 50);
INSERT INTO factura VALUES (6717, '2015-10-27', 360, 255, 21, 10);
INSERT INTO factura VALUES (6718, '2015-10-30', 252, 255, 0, 20);
INSERT INTO factura VALUES (6720, '2015-10-31', 363, 105, 21, 0);
INSERT INTO factura VALUES (6723, '2015-11-07', 342, 5, 21, 20);
INSERT INTO factura VALUES (6724, '2015-11-08', 384, 105, 21, 50);
INSERT INTO factura VALUES (6726, '2015-11-10', 339, 55, 21, 25);
INSERT INTO factura VALUES (6729, '2015-11-14', 213, 55, 10, 10);
INSERT INTO factura VALUES (6732, '2015-11-21', 294, 205, 10, 0);
INSERT INTO factura VALUES (6734, '2015-11-29', 327, 405, 21, 10);
INSERT INTO factura VALUES (6736, '2015-12-05', 264, 205, 10, 20);
INSERT INTO factura VALUES (6737, '2015-12-05', 360, 205, 10, 25);
INSERT INTO factura VALUES (6739, '2015-12-12', 18, 55, 0, 20);
INSERT INTO factura VALUES (6741, '2015-12-17', 69, 255, 10, 0);
INSERT INTO factura VALUES (6742, '2015-12-18', 333, 105, 10, 50);
INSERT INTO factura VALUES (6745, '2015-12-23', 369, 405, 21, 50);
INSERT INTO factura VALUES (6749, '2015-12-29', 303, NULL, 21, 0);
INSERT INTO factura VALUES (6750, '2015-12-29', 315, NULL, 21, 20);


--
-- TOC entry 1830 (class 0 OID 16647)
-- Dependencies: 147
-- Data for Name: linia_fac; Type: TABLE DATA; Schema: public; Owner: factura
--

INSERT INTO linia_fac VALUES (6535, 1, 'L16555', 2, 5.89, 25);
INSERT INTO linia_fac VALUES (6538, 1, 'L34000', 7, 2.40, 50);
INSERT INTO linia_fac VALUES (6538, 2, 'P904', 9, 0.66, 50);
INSERT INTO linia_fac VALUES (6538, 3, 'T10026', 8, 0.44, 50);
INSERT INTO linia_fac VALUES (6538, 4, 'LAA50', 4, 6.01, NULL);
INSERT INTO linia_fac VALUES (6539, 1, 'VI862E', 10, 7.15, NULL);
INSERT INTO linia_fac VALUES (6539, 2, 'T4588', 6, 4.50, NULL);
INSERT INTO linia_fac VALUES (6539, 3, 'im4P20V', 3, 39.15, NULL);
INSERT INTO linia_fac VALUES (6539, 4, 'B14025', 8, 2.33, NULL);
INSERT INTO linia_fac VALUES (6542, 1, 'VI727S', 3, 4.39, NULL);
INSERT INTO linia_fac VALUES (6542, 2, 'FO5/141', 10, 7.83, NULL);
INSERT INTO linia_fac VALUES (6542, 3, 'L85393', 9, 0.41, NULL);
INSERT INTO linia_fac VALUES (6542, 4, 'LARD100', 10, 0.78, NULL);
INSERT INTO linia_fac VALUES (6542, 5, 'IMFN40L', 6, 17.81, NULL);
INSERT INTO linia_fac VALUES (6547, 1, 'N5002', 9, 2.79, 20);
INSERT INTO linia_fac VALUES (6547, 2, 'FO5/17', 9, 20.73, 20);
INSERT INTO linia_fac VALUES (6547, 3, 'L85501', 8, 1.08, 20);
INSERT INTO linia_fac VALUES (6549, 1, 'L77211', 12, 0.97, 0);
INSERT INTO linia_fac VALUES (6549, 2, 'SATF4', 2, 47.96, 0);
INSERT INTO linia_fac VALUES (6549, 3, 'L89320', 11, 1.33, 0);
INSERT INTO linia_fac VALUES (6549, 4, 'LAV125', 5, 5.95, 0);
INSERT INTO linia_fac VALUES (6549, 5, 'T1023', 3, 0.62, 0);
INSERT INTO linia_fac VALUES (6549, 6, 'LAVC9', 9, 18.33, 0);
INSERT INTO linia_fac VALUES (6549, 7, 'T4440', 8, 3.48, 0);
INSERT INTO linia_fac VALUES (6549, 8, 'L57368', 9, 6.25, 0);
INSERT INTO linia_fac VALUES (6549, 9, 'ID463300', 2, 105.06, 0);
INSERT INTO linia_fac VALUES (6549, 10, 'im4P32V', 7, 51.35, 0);
INSERT INTO linia_fac VALUES (6550, 1, 'RV80', 1, 5.95, 25);
INSERT INTO linia_fac VALUES (6550, 2, 'L92119', 1, 5.98, 25);
INSERT INTO linia_fac VALUES (6550, 3, 'S3125436', 12, 10.39, 25);
INSERT INTO linia_fac VALUES (6550, 4, 'P695', 9, 13.22, 25);
INSERT INTO linia_fac VALUES (6550, 5, 'L85510', 12, 1.97, 25);
INSERT INTO linia_fac VALUES (6550, 6, 'SATF2', 8, 39.01, 25);
INSERT INTO linia_fac VALUES (6550, 7, 'B10001B', 10, 1.38, 25);
INSERT INTO linia_fac VALUES (6550, 8, 'L92117', 10, 4.39, 25);
INSERT INTO linia_fac VALUES (6550, 9, 'L17555', 2, 10.43, 25);
INSERT INTO linia_fac VALUES (6552, 1, 'LA2740EC', 1, 0.57, 10);
INSERT INTO linia_fac VALUES (6552, 2, 'VI735E', 6, 4.75, 10);
INSERT INTO linia_fac VALUES (6552, 3, 'TFM16', 10, 0.33, 10);
INSERT INTO linia_fac VALUES (6552, 4, 'VI720S', 10, 1.49, 10);
INSERT INTO linia_fac VALUES (6552, 5, 'L76425', 4, 3.16, 10);
INSERT INTO linia_fac VALUES (6552, 6, 'TH21', 6, 2.14, NULL);
INSERT INTO linia_fac VALUES (6552, 7, 'LAF65L', 4, 7.33, 10);
INSERT INTO linia_fac VALUES (6553, 1, 'L03701', 10, 18.88, 0);
INSERT INTO linia_fac VALUES (6553, 2, 'L76179', 1, 3.16, 0);
INSERT INTO linia_fac VALUES (6553, 3, 'B914B', 7, 1.65, 0);
INSERT INTO linia_fac VALUES (6553, 4, 'TNF29', 11, 0.72, 0);
INSERT INTO linia_fac VALUES (6553, 5, 'B6009', 10, 7.60, NULL);
INSERT INTO linia_fac VALUES (6553, 6, 'L17060', 3, 8.11, 0);
INSERT INTO linia_fac VALUES (6553, 7, 'L34047', 6, 19.44, 0);
INSERT INTO linia_fac VALUES (6553, 8, 'TLFX1N', 11, 6.61, 0);
INSERT INTO linia_fac VALUES (6554, 1, 'T1011', 1, 0.90, 25);
INSERT INTO linia_fac VALUES (6557, 1, 'L17804', 8, 6.22, 20);
INSERT INTO linia_fac VALUES (6559, 1, 'IM2P10L', 3, 14.84, NULL);
INSERT INTO linia_fac VALUES (6559, 2, 'N8008BA', 6, 4.38, 20);
INSERT INTO linia_fac VALUES (6563, 1, 'N5010', 11, 5.31, NULL);
INSERT INTO linia_fac VALUES (6563, 2, 'L92252', 12, 3.88, NULL);
INSERT INTO linia_fac VALUES (6563, 3, '4283200', 6, 9.32, NULL);
INSERT INTO linia_fac VALUES (6563, 4, '1967346', 3, 4.51, NULL);
INSERT INTO linia_fac VALUES (6563, 5, 'B10005B', 9, 3.93, NULL);
INSERT INTO linia_fac VALUES (6563, 6, 'S3161032', 3, 0.76, NULL);
INSERT INTO linia_fac VALUES (6563, 7, 'cp3X0.7', 8, 0.48, NULL);
INSERT INTO linia_fac VALUES (6564, 1, 'CPT001', 9, 2.10, 10);
INSERT INTO linia_fac VALUES (6564, 2, 'VI725S', 5, 2.31, 10);
INSERT INTO linia_fac VALUES (6564, 3, 'Zp635', 1, 3.99, 10);
INSERT INTO linia_fac VALUES (6564, 4, 'L85489', 5, 2.28, 10);
INSERT INTO linia_fac VALUES (6564, 5, 'B10006B', 2, 4.44, 10);
INSERT INTO linia_fac VALUES (6564, 6, 'L03755', 5, 41.90, 10);
INSERT INTO linia_fac VALUES (6564, 7, 'S3110436', 2, 8.24, 10);
INSERT INTO linia_fac VALUES (6565, 1, 'IM2F30', 12, 17.29, 10);
INSERT INTO linia_fac VALUES (6565, 2, 'VI775S', 7, 11.31, 10);
INSERT INTO linia_fac VALUES (6565, 3, 'B14016L', 2, 5.19, 10);
INSERT INTO linia_fac VALUES (6565, 4, 'RV125', 1, 5.95, 10);
INSERT INTO linia_fac VALUES (6565, 5, 'L85459', 7, 2.80, 10);
INSERT INTO linia_fac VALUES (6566, 1, 'L85650', 4, 1.53, 0);
INSERT INTO linia_fac VALUES (6566, 2, 'L50510', 2, 2.46, 0);
INSERT INTO linia_fac VALUES (6566, 3, 'B14017', 7, 2.44, 0);
INSERT INTO linia_fac VALUES (6566, 4, 'T1012', 5, 1.26, 0);
INSERT INTO linia_fac VALUES (6566, 5, 'L76126', 8, 2.19, 0);
INSERT INTO linia_fac VALUES (6566, 6, 'S3120436', 8, 8.94, 0);
INSERT INTO linia_fac VALUES (6569, 1, 'T4713', 11, 6.47, 10);
INSERT INTO linia_fac VALUES (6569, 2, 'TH36', 8, 4.71, 10);
INSERT INTO linia_fac VALUES (6569, 3, 'ORT15', 12, 22.84, 10);
INSERT INTO linia_fac VALUES (6569, 4, 'L34044', 11, 2.87, 10);
INSERT INTO linia_fac VALUES (6569, 5, 'VI727S', 6, 4.39, 10);
INSERT INTO linia_fac VALUES (6569, 6, 'VI833E', 1, 8.41, 10);
INSERT INTO linia_fac VALUES (6569, 7, 'L91814', 7, 4.90, 10);
INSERT INTO linia_fac VALUES (6569, 8, 'CN1X1.5', 12, 0.12, 10);
INSERT INTO linia_fac VALUES (6572, 1, 'N5003', 1, 1.75, 25);
INSERT INTO linia_fac VALUES (6572, 2, 'TF11', 5, 0.66, NULL);
INSERT INTO linia_fac VALUES (6572, 3, 'L83005', 10, 3.31, 25);
INSERT INTO linia_fac VALUES (6572, 4, 'L85684', 6, 4.06, 25);
INSERT INTO linia_fac VALUES (6572, 5, 'ID24030N', 8, 9.98, 25);
INSERT INTO linia_fac VALUES (6572, 6, 'SATF2', 2, 39.01, 25);
INSERT INTO linia_fac VALUES (6574, 1, 'SATF4', 5, 47.96, 10);
INSERT INTO linia_fac VALUES (6574, 2, 'N5088', 11, 1.52, 10);
INSERT INTO linia_fac VALUES (6574, 3, 'LACU1500', 5, 19.23, 10);
INSERT INTO linia_fac VALUES (6577, 1, 'L15380', 6, 1.11, 0);
INSERT INTO linia_fac VALUES (6577, 2, 'N5004L', 2, 1.97, NULL);
INSERT INTO linia_fac VALUES (6577, 3, 'S3100131', 10, 3.75, 0);
INSERT INTO linia_fac VALUES (6577, 4, 'LA2760EC', 11, 0.57, 0);
INSERT INTO linia_fac VALUES (6577, 5, 'L85300', 2, 2.35, 0);
INSERT INTO linia_fac VALUES (6577, 6, 'ORC72H', 4, 50.97, 0);
INSERT INTO linia_fac VALUES (6577, 7, 'VI745E', 2, 4.09, 0);
INSERT INTO linia_fac VALUES (6577, 8, 'LLS1X36', 10, 45.47, 0);
INSERT INTO linia_fac VALUES (6577, 9, 'T4512', 4, 6.00, 0);
INSERT INTO linia_fac VALUES (6579, 1, 'T4522', 3, 2.69, 20);
INSERT INTO linia_fac VALUES (6579, 2, 'B14006L', 2, 5.54, NULL);
INSERT INTO linia_fac VALUES (6579, 3, 'P615', 11, 1.91, 20);
INSERT INTO linia_fac VALUES (6579, 4, 'L76104', 7, 1.65, 20);
INSERT INTO linia_fac VALUES (6579, 5, 'ZN5108B', 1, 2.48, 20);
INSERT INTO linia_fac VALUES (6579, 6, 'TC16', 2, 0.16, 20);
INSERT INTO linia_fac VALUES (6579, 7, 'T4512', 7, 6.00, 20);
INSERT INTO linia_fac VALUES (6579, 8, 'TC125', 4, 1.26, 20);
INSERT INTO linia_fac VALUES (6579, 9, 'L85522', 12, 1.53, 20);
INSERT INTO linia_fac VALUES (6579, 10, 'L76151', 6, 1.59, 20);
INSERT INTO linia_fac VALUES (6581, 1, 'ID24030N', 12, 9.98, 20);
INSERT INTO linia_fac VALUES (6581, 2, 'IM2P40L', 1, 19.44, NULL);
INSERT INTO linia_fac VALUES (6581, 3, 'TLFXK2', 10, 115.69, 20);
INSERT INTO linia_fac VALUES (6581, 4, 'IM3P15L', 10, 22.26, NULL);
INSERT INTO linia_fac VALUES (6581, 5, 'B10202B', 10, 2.33, 20);
INSERT INTO linia_fac VALUES (6584, 1, 'B932B', 11, 2.58, 20);
INSERT INTO linia_fac VALUES (6584, 2, 'T4512', 11, 6.00, 20);
INSERT INTO linia_fac VALUES (6584, 3, 'N8017BA', 1, 3.40, 20);
INSERT INTO linia_fac VALUES (6584, 4, 'TC36', 4, 0.60, 20);
INSERT INTO linia_fac VALUES (6584, 5, 'T1023', 11, 0.62, 20);
INSERT INTO linia_fac VALUES (6584, 6, 'TH36', 9, 4.71, 20);
INSERT INTO linia_fac VALUES (6585, 1, 'P903', 5, 0.44, 50);
INSERT INTO linia_fac VALUES (6585, 2, 'ZN5104B', 9, 2.44, 50);
INSERT INTO linia_fac VALUES (6585, 3, 'TLFX3', 10, 2.40, 50);
INSERT INTO linia_fac VALUES (6585, 4, 'cp3X1', 9, 0.63, 50);
INSERT INTO linia_fac VALUES (6585, 5, 'RF32', 2, 3.37, 50);
INSERT INTO linia_fac VALUES (6586, 1, 'IM3P15V', 1, 26.30, NULL);
INSERT INTO linia_fac VALUES (6586, 2, 'T1006', 4, 3.38, 50);
INSERT INTO linia_fac VALUES (6587, 1, 'L76011', 10, 1.85, 25);
INSERT INTO linia_fac VALUES (6587, 2, 'S3166131', 4, 5.61, 25);
INSERT INTO linia_fac VALUES (6587, 3, 'B14005L', 10, 5.21, 25);
INSERT INTO linia_fac VALUES (6587, 4, 'IM2P10L', 11, 14.84, 25);
INSERT INTO linia_fac VALUES (6587, 5, 'B10005B', 1, 3.93, 25);
INSERT INTO linia_fac VALUES (6587, 6, 'S3163031', 8, 2.00, 25);
INSERT INTO linia_fac VALUES (6587, 7, 'L57428', 6, 5.02, 25);
INSERT INTO linia_fac VALUES (6587, 8, 'TE1401', 10, 4.15, NULL);
INSERT INTO linia_fac VALUES (6588, 1, 'L85512', 9, 1.36, 50);
INSERT INTO linia_fac VALUES (6589, 1, 'LA1440EC', 1, 0.57, 20);
INSERT INTO linia_fac VALUES (6589, 2, 'B10028B', 5, 4.38, 20);
INSERT INTO linia_fac VALUES (6589, 3, 'L34389', 4, 3.65, 20);
INSERT INTO linia_fac VALUES (6589, 4, 'L86231', 3, 5.61, 20);
INSERT INTO linia_fac VALUES (6589, 5, 'L77253', 9, 1.29, 20);
INSERT INTO linia_fac VALUES (6589, 6, 'L86350', 8, 0.48, NULL);
INSERT INTO linia_fac VALUES (6589, 7, 'L76138', 9, 1.14, 20);
INSERT INTO linia_fac VALUES (6589, 8, 'TLFX3', 9, 2.40, 20);
INSERT INTO linia_fac VALUES (6589, 9, 'CPT200', 12, 12.62, 20);
INSERT INTO linia_fac VALUES (6589, 10, 'L76424', 2, 2.90, 20);
INSERT INTO linia_fac VALUES (6590, 1, 'N8001BA', 9, 3.94, 10);
INSERT INTO linia_fac VALUES (6590, 2, 'cm2X2.5', 11, 1.11, 10);
INSERT INTO linia_fac VALUES (6590, 3, 'UCM8', 9, 47.24, 10);
INSERT INTO linia_fac VALUES (6590, 4, 'L34001', 9, 3.01, NULL);
INSERT INTO linia_fac VALUES (6590, 5, 'LAMTE', 3, 6.63, 10);
INSERT INTO linia_fac VALUES (6590, 6, 'L14350', 3, 0.66, 10);
INSERT INTO linia_fac VALUES (6590, 7, 'S3125131', 8, 8.99, NULL);
INSERT INTO linia_fac VALUES (6594, 1, 'VI832E', 3, 8.41, 0);
INSERT INTO linia_fac VALUES (6594, 2, 'CI2X1', 8, 0.41, 0);
INSERT INTO linia_fac VALUES (6594, 3, 'L85661', 3, 1.48, 0);
INSERT INTO linia_fac VALUES (6594, 4, '1967346', 5, 4.51, 0);
INSERT INTO linia_fac VALUES (6595, 1, 'B10009B', 10, 5.57, 10);
INSERT INTO linia_fac VALUES (6595, 2, 'REF2X40', 12, 12.62, NULL);
INSERT INTO linia_fac VALUES (6595, 3, 'IM3P50U', 9, 51.39, 10);
INSERT INTO linia_fac VALUES (6595, 4, 'LAE40', 4, 0.51, 10);
INSERT INTO linia_fac VALUES (6595, 5, 'L17555', 3, 10.43, 10);
INSERT INTO linia_fac VALUES (6596, 1, 'L55812', 6, 6.94, 20);
INSERT INTO linia_fac VALUES (6596, 2, 'B14001B', 11, 1.44, 20);
INSERT INTO linia_fac VALUES (6596, 3, 'L85685', 12, 5.69, 20);
INSERT INTO linia_fac VALUES (6601, 1, 'im4P25L', 2, 32.60, 25);
INSERT INTO linia_fac VALUES (6601, 2, 'Ucm2', 8, 33.78, 25);
INSERT INTO linia_fac VALUES (6601, 3, 'L16545', 10, 5.89, 25);
INSERT INTO linia_fac VALUES (6601, 4, 'LACO18F', 11, 4.69, 25);
INSERT INTO linia_fac VALUES (6601, 5, 'TE5501', 1, 25.24, 25);
INSERT INTO linia_fac VALUES (6604, 1, 'UCM5', 7, 71.08, 25);
INSERT INTO linia_fac VALUES (6604, 2, 'TC125', 6, 1.26, 25);
INSERT INTO linia_fac VALUES (6609, 1, 'B6009', 4, 7.60, 25);
INSERT INTO linia_fac VALUES (6609, 2, 'B14022', 3, 1.75, 25);
INSERT INTO linia_fac VALUES (6609, 3, 'B14005', 8, 2.46, 25);
INSERT INTO linia_fac VALUES (6609, 4, 'L76104', 12, 1.65, 25);
INSERT INTO linia_fac VALUES (6609, 5, 'L50512', 12, 3.07, 25);
INSERT INTO linia_fac VALUES (6609, 6, 'Thm29', 4, 0.99, 25);
INSERT INTO linia_fac VALUES (6609, 7, 'IMFN20L', 3, 12.82, NULL);
INSERT INTO linia_fac VALUES (6609, 8, 'UCM3', 1, 49.52, 25);
INSERT INTO linia_fac VALUES (6610, 1, 'TC23', 5, 0.26, 0);
INSERT INTO linia_fac VALUES (6610, 2, 'zp724', 2, 2.35, 0);
INSERT INTO linia_fac VALUES (6610, 3, 'LAF65', 1, 3.31, 0);
INSERT INTO linia_fac VALUES (6610, 4, 'Tsp13.5', 11, 1.63, 0);
INSERT INTO linia_fac VALUES (6610, 5, 'L55812', 11, 6.94, 0);
INSERT INTO linia_fac VALUES (6610, 6, 'L50510', 10, 2.46, 0);
INSERT INTO linia_fac VALUES (6611, 1, 'TC71011', 1, 3.80, 0);
INSERT INTO linia_fac VALUES (6611, 2, 'REF2X20', 12, 12.02, 0);
INSERT INTO linia_fac VALUES (6611, 3, 'T4740', 10, 1.12, 0);
INSERT INTO linia_fac VALUES (6611, 4, 'S3162031', 2, 1.18, 0);
INSERT INTO linia_fac VALUES (6611, 5, 'P635', 9, 3.42, NULL);
INSERT INTO linia_fac VALUES (6611, 6, 'T1006', 6, 3.38, 0);
INSERT INTO linia_fac VALUES (6611, 7, 'ME200', 3, 13.52, 0);
INSERT INTO linia_fac VALUES (6611, 8, 'N8010', 1, 7.58, 0);
INSERT INTO linia_fac VALUES (6611, 9, 'T1023', 3, 0.62, 0);
INSERT INTO linia_fac VALUES (6611, 10, 'L16500', 6, 6.16, 0);
INSERT INTO linia_fac VALUES (6612, 1, 'L85502', 7, 1.74, 0);
INSERT INTO linia_fac VALUES (6612, 2, 'CPT002', 11, 1.86, 0);
INSERT INTO linia_fac VALUES (6612, 3, 'L89320', 6, 1.33, NULL);
INSERT INTO linia_fac VALUES (6612, 4, 'B14023', 6, 1.83, 0);
INSERT INTO linia_fac VALUES (6612, 5, 'VI24E', 11, 0.46, 0);
INSERT INTO linia_fac VALUES (6612, 6, 'LAPAMN', 1, 36.54, 0);
INSERT INTO linia_fac VALUES (6612, 7, 'L34043', 5, 1.83, 0);
INSERT INTO linia_fac VALUES (6612, 8, 'UIR100A', 7, 83.54, 0);
INSERT INTO linia_fac VALUES (6615, 1, 'L17560', 9, 10.43, 0);
INSERT INTO linia_fac VALUES (6615, 2, 'LL2X36B', 6, 49.87, 0);
INSERT INTO linia_fac VALUES (6615, 3, 'LAMTE', 10, 6.63, 0);
INSERT INTO linia_fac VALUES (6617, 1, 'Tsp21', 12, 2.72, 10);
INSERT INTO linia_fac VALUES (6617, 2, 'B14017L', 12, 5.19, 10);
INSERT INTO linia_fac VALUES (6617, 3, 'L85500', 2, 0.64, 10);
INSERT INTO linia_fac VALUES (6617, 4, 'T4522', 3, 2.69, 10);
INSERT INTO linia_fac VALUES (6618, 1, 'L76138', 6, 1.14, 25);
INSERT INTO linia_fac VALUES (6618, 2, 'N5073', 6, 1.83, NULL);
INSERT INTO linia_fac VALUES (6618, 3, 'L34000', 11, 2.40, 25);
INSERT INTO linia_fac VALUES (6618, 4, 'N8088BA', 2, 3.00, 25);
INSERT INTO linia_fac VALUES (6618, 5, 'L15363', 3, 1.05, 25);
INSERT INTO linia_fac VALUES (6618, 6, 'TH16', 8, 1.71, 25);
INSERT INTO linia_fac VALUES (6618, 7, 'RF40', 6, 3.37, 25);
INSERT INTO linia_fac VALUES (6618, 8, 'L17570', 3, 11.09, 25);
INSERT INTO linia_fac VALUES (6620, 1, 'IMFN15L', 8, 12.82, 25);
INSERT INTO linia_fac VALUES (6620, 2, 'IM3P20L', 4, 22.26, NULL);
INSERT INTO linia_fac VALUES (6622, 1, 'P912', 10, 0.36, 0);
INSERT INTO linia_fac VALUES (6622, 2, 'LAM250', 10, 14.72, 0);
INSERT INTO linia_fac VALUES (6622, 3, 'L10304', 12, 0.87, NULL);
INSERT INTO linia_fac VALUES (6626, 1, 'B6000', 3, 4.59, 20);
INSERT INTO linia_fac VALUES (6626, 2, 'P504T', 7, 1.19, 20);
INSERT INTO linia_fac VALUES (6626, 3, 'CI3X2.5', 5, 1.11, 20);
INSERT INTO linia_fac VALUES (6626, 4, 'CM3X2.5', 2, 1.41, 20);
INSERT INTO linia_fac VALUES (6626, 5, 'UCM8', 3, 47.24, 20);
INSERT INTO linia_fac VALUES (6626, 6, 'CP2X2.5', 7, 0.63, 20);
INSERT INTO linia_fac VALUES (6626, 7, 'L86351', 7, 0.48, 20);
INSERT INTO linia_fac VALUES (6626, 8, 'IM1P25V', 3, 8.07, 20);
INSERT INTO linia_fac VALUES (6626, 9, 'T1004', 10, 1.50, 20);
INSERT INTO linia_fac VALUES (6629, 1, 'T1003', 8, 0.70, 20);
INSERT INTO linia_fac VALUES (6629, 2, 'LASA30', 11, 37.68, 20);
INSERT INTO linia_fac VALUES (6629, 3, 'N5004L', 10, 1.97, 20);
INSERT INTO linia_fac VALUES (6629, 4, 'CAJA2', 1, 34.14, 20);
INSERT INTO linia_fac VALUES (6629, 5, 'LAV125', 5, 5.95, NULL);
INSERT INTO linia_fac VALUES (6629, 6, 'Thm11', 6, 0.39, 20);
INSERT INTO linia_fac VALUES (6629, 7, 'CI2X2.5', 5, 0.72, 20);
INSERT INTO linia_fac VALUES (6629, 8, 'T4588', 8, 4.50, 20);
INSERT INTO linia_fac VALUES (6629, 9, 'CM4X1', 8, 0.96, 20);
INSERT INTO linia_fac VALUES (6629, 10, 'B10006B', 6, 4.44, 20);
INSERT INTO linia_fac VALUES (6630, 1, 'FO5/143', 1, 8.43, 10);
INSERT INTO linia_fac VALUES (6630, 2, 'S3110431', 1, 5.60, NULL);
INSERT INTO linia_fac VALUES (6630, 3, 'L85393', 5, 0.41, 10);
INSERT INTO linia_fac VALUES (6630, 4, 'THC13.5', 2, 1.00, 10);
INSERT INTO linia_fac VALUES (6630, 5, 'Zp635', 8, 3.99, 10);
INSERT INTO linia_fac VALUES (6630, 6, 'B933B', 10, 2.90, 10);
INSERT INTO linia_fac VALUES (6630, 7, 'T4503', 12, 3.43, 10);
INSERT INTO linia_fac VALUES (6630, 8, 'S3181231', 12, 24.38, 10);
INSERT INTO linia_fac VALUES (6630, 9, 'TFM21', 9, 0.35, 10);
INSERT INTO linia_fac VALUES (6633, 1, '8394800', 2, 10.37, 50);
INSERT INTO linia_fac VALUES (6633, 2, 'L85447', 3, 2.33, 50);
INSERT INTO linia_fac VALUES (6633, 3, 'L76177', 4, 2.76, 50);
INSERT INTO linia_fac VALUES (6633, 4, 'CD1X35', 4, 3.52, NULL);
INSERT INTO linia_fac VALUES (6634, 1, 'B20320', 7, 49.60, 0);
INSERT INTO linia_fac VALUES (6634, 2, 'im4P20V', 1, 39.15, NULL);
INSERT INTO linia_fac VALUES (6634, 3, 'S3161031', 2, 0.76, 0);
INSERT INTO linia_fac VALUES (6634, 4, 'L34001', 9, 3.01, 0);
INSERT INTO linia_fac VALUES (6634, 5, 'LA1425EC', 11, 0.57, 0);
INSERT INTO linia_fac VALUES (6634, 6, 'PMGF', 11, 1.86, 0);
INSERT INTO linia_fac VALUES (6634, 7, 'LA1460EC', 7, 0.57, 0);
INSERT INTO linia_fac VALUES (6634, 8, 'REF2X40', 7, 12.62, 0);
INSERT INTO linia_fac VALUES (6634, 9, 'L34044', 1, 2.87, 0);
INSERT INTO linia_fac VALUES (6635, 1, 'L34044', 6, 2.87, 25);
INSERT INTO linia_fac VALUES (6635, 2, 'RF1X36B', 10, 9.32, 25);
INSERT INTO linia_fac VALUES (6635, 3, 'B10010B', 11, 7.13, 25);
INSERT INTO linia_fac VALUES (6635, 4, 'VI536E', 1, 1.35, 25);
INSERT INTO linia_fac VALUES (6635, 5, 'L85664', 9, 1.88, 25);
INSERT INTO linia_fac VALUES (6635, 6, 'L34213', 2, 0.66, 25);
INSERT INTO linia_fac VALUES (6635, 7, 'B10023B', 6, 3.12, 25);
INSERT INTO linia_fac VALUES (6635, 8, 'L03753', 3, 40.00, 25);
INSERT INTO linia_fac VALUES (6638, 1, 'LAV400', 11, 21.64, NULL);
INSERT INTO linia_fac VALUES (6638, 2, 'TC1625', 6, 1.92, NULL);
INSERT INTO linia_fac VALUES (6638, 3, 'N5022', 11, 5.22, NULL);
INSERT INTO linia_fac VALUES (6638, 4, 'LA1425EM', 4, 0.57, NULL);
INSERT INTO linia_fac VALUES (6638, 5, 'L17355', 11, 7.18, NULL);
INSERT INTO linia_fac VALUES (6639, 1, 'CD1X35', 12, 3.52, 0);
INSERT INTO linia_fac VALUES (6639, 2, 'LAPT', 3, 0.72, 0);
INSERT INTO linia_fac VALUES (6639, 3, 'S3125436', 5, 10.39, 0);
INSERT INTO linia_fac VALUES (6639, 4, 'L91827', 8, 5.94, 0);
INSERT INTO linia_fac VALUES (6639, 5, 'IM1P25V', 11, 8.07, 0);
INSERT INTO linia_fac VALUES (6639, 6, 'BF243B', 3, 15.64, 0);
INSERT INTO linia_fac VALUES (6639, 7, 'VI861E', 1, 7.15, 0);
INSERT INTO linia_fac VALUES (6641, 1, 'REF1X40', 7, 9.32, NULL);
INSERT INTO linia_fac VALUES (6642, 1, 'N5088', 12, 1.52, 0);
INSERT INTO linia_fac VALUES (6642, 2, 'UP1603', 7, 85.34, 0);
INSERT INTO linia_fac VALUES (6642, 3, 'CN1X2.5', 3, 0.19, 0);
INSERT INTO linia_fac VALUES (6642, 4, 'B10010B', 12, 7.13, 0);
INSERT INTO linia_fac VALUES (6642, 5, 'L49119', 2, 16.77, 0);
INSERT INTO linia_fac VALUES (6643, 1, 'L14340', 6, 0.51, 20);
INSERT INTO linia_fac VALUES (6643, 2, 'N5072', 1, 1.33, 20);
INSERT INTO linia_fac VALUES (6643, 3, 'P695', 2, 13.22, 20);
INSERT INTO linia_fac VALUES (6643, 4, 'VI845S', 3, 6.80, 20);
INSERT INTO linia_fac VALUES (6643, 5, 'Thm11', 2, 0.39, 20);
INSERT INTO linia_fac VALUES (6643, 6, 'RF32', 7, 3.37, 20);
INSERT INTO linia_fac VALUES (6643, 7, 'VI745E', 12, 4.09, 20);
INSERT INTO linia_fac VALUES (6643, 8, 'L85546', 5, 1.05, NULL);
INSERT INTO linia_fac VALUES (6643, 9, 'LA2760EC', 4, 0.57, 20);
INSERT INTO linia_fac VALUES (6643, 10, 'B14009', 7, 4.48, 20);
INSERT INTO linia_fac VALUES (6644, 1, 'VI745E', 7, 4.09, 25);
INSERT INTO linia_fac VALUES (6644, 2, 'L17575', 6, 11.09, 25);
INSERT INTO linia_fac VALUES (6644, 3, 'L37066', 6, 1.36, 25);
INSERT INTO linia_fac VALUES (6644, 4, 'L76104', 9, 1.65, 25);
INSERT INTO linia_fac VALUES (6644, 5, 'TLGX2', 11, 68.21, NULL);
INSERT INTO linia_fac VALUES (6644, 6, 'P500TV', 9, 1.32, 25);
INSERT INTO linia_fac VALUES (6644, 7, 'L85651', 2, 1.56, 25);
INSERT INTO linia_fac VALUES (6644, 8, '8340098', 8, 8.11, 25);
INSERT INTO linia_fac VALUES (6644, 9, 'B14010', 11, 5.22, 25);
INSERT INTO linia_fac VALUES (6644, 10, 'LAF40C', 3, 7.21, 25);
INSERT INTO linia_fac VALUES (6645, 1, 'ZNCL', 10, 41.71, NULL);
INSERT INTO linia_fac VALUES (6645, 2, 'N8017BA', 6, 3.40, NULL);
INSERT INTO linia_fac VALUES (6645, 3, 'TE7200', 3, 13.22, NULL);
INSERT INTO linia_fac VALUES (6645, 4, 'L92119', 4, 5.98, NULL);
INSERT INTO linia_fac VALUES (6645, 5, 'UP80A2', 6, 24.01, NULL);
INSERT INTO linia_fac VALUES (6645, 6, 'ME200', 2, 13.52, NULL);
INSERT INTO linia_fac VALUES (6645, 7, 'N5006', 2, 2.30, NULL);
INSERT INTO linia_fac VALUES (6645, 8, 'L16555', 3, 5.89, NULL);
INSERT INTO linia_fac VALUES (6647, 1, 'LAF22C', 12, 5.41, 0);
INSERT INTO linia_fac VALUES (6650, 1, 'L16555', 11, 5.89, 20);
INSERT INTO linia_fac VALUES (6650, 2, 'L89126', 2, 1.08, 20);
INSERT INTO linia_fac VALUES (6650, 3, 'TSF9', 8, 1.55, 20);
INSERT INTO linia_fac VALUES (6650, 4, 'IM2P15V', 6, 18.09, 20);
INSERT INTO linia_fac VALUES (6651, 1, 'B14007', 2, 5.34, 25);
INSERT INTO linia_fac VALUES (6651, 2, 'L16500', 10, 6.16, 25);
INSERT INTO linia_fac VALUES (6654, 1, 'REF1X20', 6, 8.71, 50);
INSERT INTO linia_fac VALUES (6654, 2, 'L55152', 7, 3.08, 50);
INSERT INTO linia_fac VALUES (6654, 3, 'TH11', 4, 1.42, 50);
INSERT INTO linia_fac VALUES (6654, 4, 'P924', 9, 2.39, 50);
INSERT INTO linia_fac VALUES (6654, 5, 'cm2X1.5', 10, 0.75, 50);
INSERT INTO linia_fac VALUES (6654, 6, 'SATF6', 6, 88.17, 50);
INSERT INTO linia_fac VALUES (6656, 1, 'T10020', 10, 0.72, 25);
INSERT INTO linia_fac VALUES (6656, 2, 'L15363', 5, 1.05, 25);
INSERT INTO linia_fac VALUES (6656, 3, 'L77253', 2, 1.29, NULL);
INSERT INTO linia_fac VALUES (6656, 4, 'L76138', 10, 1.14, 25);
INSERT INTO linia_fac VALUES (6656, 5, 'L34047', 2, 19.44, 25);
INSERT INTO linia_fac VALUES (6656, 6, 'TFM36', 9, 0.51, 25);
INSERT INTO linia_fac VALUES (6656, 7, 'L55812', 5, 6.94, 25);
INSERT INTO linia_fac VALUES (6656, 8, 'T1009', 1, 1.63, 25);
INSERT INTO linia_fac VALUES (6658, 1, 'CP2X0.7', 6, 0.25, 10);
INSERT INTO linia_fac VALUES (6658, 2, 'L77256', 5, 1.08, NULL);
INSERT INTO linia_fac VALUES (6658, 3, 'L34000', 1, 2.40, 10);
INSERT INTO linia_fac VALUES (6658, 4, 'L15380', 12, 1.11, NULL);
INSERT INTO linia_fac VALUES (6658, 5, 'CP2X1', 4, 0.28, 10);
INSERT INTO linia_fac VALUES (6658, 6, 'L17000', 6, 9.47, 10);
INSERT INTO linia_fac VALUES (6659, 1, 'THC21', 8, 1.56, 25);
INSERT INTO linia_fac VALUES (6659, 2, 'L17055', 12, 7.99, 25);
INSERT INTO linia_fac VALUES (6659, 3, 'L76424', 9, 2.90, 25);
INSERT INTO linia_fac VALUES (6664, 1, 'L58068', 1, 6.79, 50);
INSERT INTO linia_fac VALUES (6664, 2, 'L18104', 7, 14.74, 50);
INSERT INTO linia_fac VALUES (6664, 3, 'im4P40L', 8, 42.31, 50);
INSERT INTO linia_fac VALUES (6664, 4, 'TH21', 12, 2.14, 50);
INSERT INTO linia_fac VALUES (6667, 1, 'S3162031', 10, 1.18, 10);
INSERT INTO linia_fac VALUES (6667, 2, 'TF16', 1, 0.91, 10);
INSERT INTO linia_fac VALUES (6667, 3, 'T1010', 2, 1.50, NULL);
INSERT INTO linia_fac VALUES (6667, 4, 'TLFX4', 10, 42.67, 10);
INSERT INTO linia_fac VALUES (6667, 5, 'B930B', 9, 2.35, 10);
INSERT INTO linia_fac VALUES (6667, 6, 'L77251', 5, 0.58, NULL);
INSERT INTO linia_fac VALUES (6667, 7, 'ZNP3L', 3, 107.28, 10);
INSERT INTO linia_fac VALUES (6667, 8, 'RF32', 12, 3.37, 10);
INSERT INTO linia_fac VALUES (6667, 9, 'LAC20', 1, 0.75, 10);
INSERT INTO linia_fac VALUES (6667, 10, 'TFM21', 11, 0.35, 10);
INSERT INTO linia_fac VALUES (6674, 1, 'L17355', 1, 7.18, 10);
INSERT INTO linia_fac VALUES (6674, 2, 'TNF16', 2, 0.35, 10);
INSERT INTO linia_fac VALUES (6675, 1, 'TNF21', 3, 0.51, NULL);
INSERT INTO linia_fac VALUES (6675, 2, 'TC23', 7, 0.26, 25);
INSERT INTO linia_fac VALUES (6675, 3, 'L85457', 1, 2.61, 25);
INSERT INTO linia_fac VALUES (6675, 4, 'LAPC', 9, 0.39, 25);
INSERT INTO linia_fac VALUES (6675, 5, 'ZN5108B', 12, 2.48, 25);
INSERT INTO linia_fac VALUES (6675, 6, 'LAR40125', 4, 11.00, 25);
INSERT INTO linia_fac VALUES (6675, 7, 'L85685', 7, 5.69, 25);
INSERT INTO linia_fac VALUES (6678, 1, 'L55152', 6, 3.08, 20);
INSERT INTO linia_fac VALUES (6678, 2, 'zp714', 4, 1.54, 20);
INSERT INTO linia_fac VALUES (6678, 3, '2309987', 4, 7.36, 20);
INSERT INTO linia_fac VALUES (6678, 4, 'THC21', 5, 1.56, 20);
INSERT INTO linia_fac VALUES (6678, 5, 'CM4X2.5', 9, 1.74, 20);
INSERT INTO linia_fac VALUES (6678, 6, 'VI846S', 3, 7.45, 20);
INSERT INTO linia_fac VALUES (6678, 7, 'zp724', 6, 2.35, 20);
INSERT INTO linia_fac VALUES (6678, 8, 'VI862E', 1, 7.15, NULL);
INSERT INTO linia_fac VALUES (6678, 9, 'CM3X1.5', 4, 1.00, 20);
INSERT INTO linia_fac VALUES (6678, 10, 'L85685', 3, 5.69, 20);
INSERT INTO linia_fac VALUES (6679, 1, 'B14001B', 2, 1.44, 0);
INSERT INTO linia_fac VALUES (6680, 1, 'T4501', 12, 2.98, 25);
INSERT INTO linia_fac VALUES (6680, 2, 'im4P10L', 11, 32.60, 25);
INSERT INTO linia_fac VALUES (6680, 3, 'P904', 12, 0.66, 25);
INSERT INTO linia_fac VALUES (6680, 4, 'P605', 6, 1.65, 25);
INSERT INTO linia_fac VALUES (6680, 5, 'L16500', 10, 6.16, 25);
INSERT INTO linia_fac VALUES (6680, 6, 'L92212', 2, 1.03, 25);
INSERT INTO linia_fac VALUES (6680, 7, 'IM3P32V', 9, 27.01, 25);
INSERT INTO linia_fac VALUES (6680, 8, 'TFM16', 7, 0.33, 25);
INSERT INTO linia_fac VALUES (6682, 1, 'L34217', 9, 1.33, 20);
INSERT INTO linia_fac VALUES (6682, 2, 'LA2760EM', 7, 0.57, 20);
INSERT INTO linia_fac VALUES (6682, 3, 'SATF6', 11, 88.17, 20);
INSERT INTO linia_fac VALUES (6682, 4, 'L92282', 3, 40.56, 20);
INSERT INTO linia_fac VALUES (6682, 5, 'TC1625', 4, 1.92, 20);
INSERT INTO linia_fac VALUES (6682, 6, 'FO5/141', 3, 7.83, 20);
INSERT INTO linia_fac VALUES (6682, 7, 'T1005', 3, 1.21, 20);
INSERT INTO linia_fac VALUES (6685, 1, 'B924B', 8, 2.28, 10);
INSERT INTO linia_fac VALUES (6686, 1, 'TLFXK2', 10, 115.69, 0);
INSERT INTO linia_fac VALUES (6687, 1, 'L55432', 6, 3.71, 10);
INSERT INTO linia_fac VALUES (6687, 2, 'L85512', 1, 1.36, 10);
INSERT INTO linia_fac VALUES (6687, 3, 'L85545', 1, 0.64, 10);
INSERT INTO linia_fac VALUES (6687, 4, 'LAF40CO', 11, 6.61, 10);
INSERT INTO linia_fac VALUES (6687, 5, 'B10007B', 5, 68.29, 10);
INSERT INTO linia_fac VALUES (6687, 6, 'im4P10L', 8, 32.60, 10);
INSERT INTO linia_fac VALUES (6688, 1, 'L77258', 2, 1.39, 10);
INSERT INTO linia_fac VALUES (6688, 2, 'T1005', 2, 1.21, 10);
INSERT INTO linia_fac VALUES (6688, 3, 'IMFN25L', 1, 12.82, 10);
INSERT INTO linia_fac VALUES (6690, 1, 'TC71011', 10, 3.80, NULL);
INSERT INTO linia_fac VALUES (6690, 2, 'UP250P3', 10, 117.62, 10);
INSERT INTO linia_fac VALUES (6690, 3, 'LAPC27', 1, 0.89, 10);
INSERT INTO linia_fac VALUES (6690, 4, 'L76104', 8, 1.65, 10);
INSERT INTO linia_fac VALUES (6690, 5, 'LA2760EC', 11, 0.57, 10);
INSERT INTO linia_fac VALUES (6690, 6, 'TLFX1N', 4, 6.61, 10);
INSERT INTO linia_fac VALUES (6693, 1, 'L03753', 2, 40.00, 0);
INSERT INTO linia_fac VALUES (6693, 2, 'IM2F15', 7, 16.41, 0);
INSERT INTO linia_fac VALUES (6693, 3, 'VI831E', 7, 8.41, 0);
INSERT INTO linia_fac VALUES (6693, 4, 'S3125431', 10, 9.24, 0);
INSERT INTO linia_fac VALUES (6693, 5, 'VI557E', 11, 1.59, 0);
INSERT INTO linia_fac VALUES (6693, 6, 'VI833E', 11, 8.41, 0);
INSERT INTO linia_fac VALUES (6694, 1, 'VI25E', 6, 0.72, 25);
INSERT INTO linia_fac VALUES (6694, 2, 'L16045', 7, 4.24, 25);
INSERT INTO linia_fac VALUES (6694, 3, 'IM2F15', 7, 16.41, 25);
INSERT INTO linia_fac VALUES (6694, 4, 'LAPAMN', 9, 36.54, 25);
INSERT INTO linia_fac VALUES (6694, 5, 'ZN5173B', 2, 1.82, 25);
INSERT INTO linia_fac VALUES (6694, 6, 'L85392', 7, 0.27, 25);
INSERT INTO linia_fac VALUES (6694, 7, 'L34045', 1, 5.14, 25);
INSERT INTO linia_fac VALUES (6694, 8, 'L34389', 12, 3.65, 25);
INSERT INTO linia_fac VALUES (6694, 9, 'VI774S', 10, 7.99, 25);
INSERT INTO linia_fac VALUES (6695, 1, 'THC29', 11, 2.56, 25);
INSERT INTO linia_fac VALUES (6695, 2, 'B14002B', 7, 1.96, 25);
INSERT INTO linia_fac VALUES (6695, 3, 'TSF29', 12, 4.96, 25);
INSERT INTO linia_fac VALUES (6695, 4, 'L85393', 10, 0.41, 25);
INSERT INTO linia_fac VALUES (6695, 5, 'CN1X6', 4, 0.46, 25);
INSERT INTO linia_fac VALUES (6695, 6, 'TE1401', 8, 4.15, 25);
INSERT INTO linia_fac VALUES (6695, 7, 'VI800E', 6, 6.62, 25);
INSERT INTO linia_fac VALUES (6695, 8, 'P504T', 1, 1.19, 25);
INSERT INTO linia_fac VALUES (6695, 9, 'L85526', 11, 1.47, 25);
INSERT INTO linia_fac VALUES (6697, 1, 'L77256', 5, 1.08, NULL);
INSERT INTO linia_fac VALUES (6700, 1, 'IM1P20V', 6, 8.08, 0);
INSERT INTO linia_fac VALUES (6700, 2, 'L55432', 3, 3.71, 0);
INSERT INTO linia_fac VALUES (6700, 3, 'L92212', 8, 1.03, 0);
INSERT INTO linia_fac VALUES (6701, 1, 'L76015', 7, 2.38, 10);
INSERT INTO linia_fac VALUES (6701, 2, 'L32038', 2, 0.04, 10);
INSERT INTO linia_fac VALUES (6702, 1, 'T10026', 12, 0.44, 20);
INSERT INTO linia_fac VALUES (6702, 2, 'L77207', 9, 0.68, 20);
INSERT INTO linia_fac VALUES (6703, 1, 'IM2F30', 2, 17.29, 20);
INSERT INTO linia_fac VALUES (6703, 2, 'LAVC9', 1, 18.33, 20);
INSERT INTO linia_fac VALUES (6703, 3, 'CM4X1.5', 1, 1.26, 20);
INSERT INTO linia_fac VALUES (6703, 4, 'ID22530', 3, 47.60, 20);
INSERT INTO linia_fac VALUES (6703, 5, 'BF261M', 5, 28.17, 20);
INSERT INTO linia_fac VALUES (6706, 1, 'CAJA2', 4, 34.14, 10);
INSERT INTO linia_fac VALUES (6706, 2, 'L85304', 2, 4.05, 10);
INSERT INTO linia_fac VALUES (6709, 1, 'VI833E', 8, 8.41, 50);
INSERT INTO linia_fac VALUES (6709, 2, 'CM4X1.5', 12, 1.26, 50);
INSERT INTO linia_fac VALUES (6709, 3, 'S3161032', 5, 0.76, 50);
INSERT INTO linia_fac VALUES (6709, 4, 'LAPC32L', 4, 37.26, 50);
INSERT INTO linia_fac VALUES (6709, 5, 'CICP', 6, 80.52, 50);
INSERT INTO linia_fac VALUES (6709, 6, 'UP80A3', 8, 30.29, NULL);
INSERT INTO linia_fac VALUES (6709, 7, 'CI2X1', 8, 0.41, NULL);
INSERT INTO linia_fac VALUES (6709, 8, 'T1004', 2, 1.50, 50);
INSERT INTO linia_fac VALUES (6712, 1, 'im4P10L', 1, 32.60, 25);
INSERT INTO linia_fac VALUES (6713, 1, 'S3165136', 6, 4.81, 0);
INSERT INTO linia_fac VALUES (6713, 2, 'LLTRNS50', 12, 6.30, 0);
INSERT INTO linia_fac VALUES (6713, 3, 'B933B', 10, 2.90, 0);
INSERT INTO linia_fac VALUES (6713, 4, 'TSF36', 10, 6.77, 0);
INSERT INTO linia_fac VALUES (6713, 5, 'TC100', 2, 0.39, 0);
INSERT INTO linia_fac VALUES (6713, 6, 'L85396', 12, 0.48, 0);
INSERT INTO linia_fac VALUES (6713, 7, 'IM2P10V', 6, 18.09, 0);
INSERT INTO linia_fac VALUES (6717, 1, 'S3143231', 8, 2.67, 20);
INSERT INTO linia_fac VALUES (6717, 2, 'UI400P4', 8, 110.23, 20);
INSERT INTO linia_fac VALUES (6717, 3, 'L17060', 5, 8.11, 20);
INSERT INTO linia_fac VALUES (6717, 4, 'S3120436', 8, 8.94, 20);
INSERT INTO linia_fac VALUES (6717, 5, 'CM3X4', 10, 1.92, 20);
INSERT INTO linia_fac VALUES (6717, 6, '3987348', 4, 12.17, 20);
INSERT INTO linia_fac VALUES (6717, 7, 'CN1X35', 10, 3.38, 20);
INSERT INTO linia_fac VALUES (6717, 8, 'L85542', 1, 1.77, 20);
INSERT INTO linia_fac VALUES (6718, 1, 'TE1111', 3, 14.12, NULL);
INSERT INTO linia_fac VALUES (6718, 2, 'S3110131', 7, 3.37, 25);
INSERT INTO linia_fac VALUES (6718, 3, 'CD1X25', 8, 5.35, 25);
INSERT INTO linia_fac VALUES (6718, 4, 'L85509', 5, 1.08, 25);
INSERT INTO linia_fac VALUES (6718, 5, 'N8002BA', 1, 4.44, 25);
INSERT INTO linia_fac VALUES (6720, 1, 'LAE40', 12, 0.51, 20);
INSERT INTO linia_fac VALUES (6720, 2, 'P615', 8, 1.91, 20);
INSERT INTO linia_fac VALUES (6720, 3, 'L85323', 6, 1.54, 20);
INSERT INTO linia_fac VALUES (6720, 4, 'ZNCL', 11, 41.71, 20);
INSERT INTO linia_fac VALUES (6720, 5, 'B14038', 11, 24.84, 20);
INSERT INTO linia_fac VALUES (6720, 6, 'L03753', 10, 40.00, 20);
INSERT INTO linia_fac VALUES (6720, 7, 'B10006B', 2, 4.44, 20);
INSERT INTO linia_fac VALUES (6723, 1, 'L85459', 5, 2.80, 25);
INSERT INTO linia_fac VALUES (6724, 1, 'L85457', 9, 2.61, 20);
INSERT INTO linia_fac VALUES (6724, 2, 'P500TV', 12, 1.32, 20);
INSERT INTO linia_fac VALUES (6724, 3, 'L77254', 4, 1.29, 20);
INSERT INTO linia_fac VALUES (6724, 4, 'L89333', 7, 2.76, 20);
INSERT INTO linia_fac VALUES (6726, 1, 'UNEX4090', 9, 6.08, NULL);
INSERT INTO linia_fac VALUES (6726, 2, 'ID42530', 12, 87.36, 0);
INSERT INTO linia_fac VALUES (6729, 1, 'S3162031', 2, 1.18, 20);
INSERT INTO linia_fac VALUES (6729, 2, 'N8088BA', 2, 3.00, 20);
INSERT INTO linia_fac VALUES (6729, 3, 'LA1440EC', 4, 0.57, 20);
INSERT INTO linia_fac VALUES (6729, 4, 'ZN5104B', 12, 2.44, 20);
INSERT INTO linia_fac VALUES (6729, 5, 'ZN5104B', 2, 2.44, 20);
INSERT INTO linia_fac VALUES (6732, 1, 'T10020', 8, 0.72, 0);
INSERT INTO linia_fac VALUES (6734, 1, 'LAE100', 1, 0.51, 0);
INSERT INTO linia_fac VALUES (6736, 1, 'UP400P3', 3, 125.43, 20);
INSERT INTO linia_fac VALUES (6736, 2, 'IMFN25L', 12, 12.82, 20);
INSERT INTO linia_fac VALUES (6736, 3, 'CN1X10', 10, 0.77, 20);
INSERT INTO linia_fac VALUES (6736, 4, 'L58068', 6, 6.79, NULL);
INSERT INTO linia_fac VALUES (6736, 5, 'L76179', 11, 3.16, 20);
INSERT INTO linia_fac VALUES (6736, 6, 'ORT16', 1, 21.58, 20);
INSERT INTO linia_fac VALUES (6736, 7, 'TC125', 8, 1.26, 20);
INSERT INTO linia_fac VALUES (6736, 8, 'TFC36', 2, 2.81, 20);
INSERT INTO linia_fac VALUES (6737, 1, 'B10202B', 8, 2.33, 25);
INSERT INTO linia_fac VALUES (6737, 2, 'S3149136', 9, 6.20, 25);
INSERT INTO linia_fac VALUES (6739, 1, 'L83000', 11, 2.60, 25);
INSERT INTO linia_fac VALUES (6741, 1, 'L18104', 8, 14.74, 25);
INSERT INTO linia_fac VALUES (6741, 2, 'N6190', 9, 2.55, 25);
INSERT INTO linia_fac VALUES (6741, 3, 'TSF11', 11, 1.89, 25);
INSERT INTO linia_fac VALUES (6741, 4, 'TH13.5', 1, 1.54, 25);
INSERT INTO linia_fac VALUES (6741, 5, 'S3144231', 12, 2.45, 25);
INSERT INTO linia_fac VALUES (6742, 1, 'ME200', 9, 13.52, NULL);
INSERT INTO linia_fac VALUES (6742, 2, 'S3165136', 8, 4.81, 25);
INSERT INTO linia_fac VALUES (6745, 1, 'LATL', 7, 2.10, 25);
INSERT INTO linia_fac VALUES (6749, 1, 'PMTT200E', 4, 10.46, 10);
INSERT INTO linia_fac VALUES (6749, 2, 'S3144236', 6, 3.62, NULL);
INSERT INTO linia_fac VALUES (6749, 3, 'L46164', 11, 12.56, 10);
INSERT INTO linia_fac VALUES (6749, 4, 'L85510', 11, 1.97, 10);
INSERT INTO linia_fac VALUES (6749, 5, 'Zp615', 10, 2.22, 10);
INSERT INTO linia_fac VALUES (6749, 6, 'L17804', 10, 6.22, 10);
INSERT INTO linia_fac VALUES (6750, 1, 'S24000', 6, 1.42, NULL);
INSERT INTO linia_fac VALUES (6750, 2, 'BF261M', 1, 28.17, NULL);
INSERT INTO linia_fac VALUES (6750, 3, 'L34213', 7, 0.66, NULL);
INSERT INTO linia_fac VALUES (6750, 4, 'LASA300', 5, 88.17, NULL);
INSERT INTO linia_fac VALUES (6750, 5, 'CN1X35', 4, 3.38, NULL);


--
-- TOC entry 1825 (class 0 OID 16582)
-- Dependencies: 142
-- Data for Name: poble; Type: TABLE DATA; Schema: public; Owner: factura
--

INSERT INTO poble VALUES (8009, 'CAADA SECA', 46);
INSERT INTO poble VALUES (8018, 'CAADAS DE DON CIRO', 3);
INSERT INTO poble VALUES (8029, 'CAAES (LES)', 46);
INSERT INTO poble VALUES (8194, 'CABALLUSA (LA)', 3);
INSERT INTO poble VALUES (8258, 'CABANES', 12);
INSERT INTO poble VALUES (8303, 'CABES BORT', 46);
INSERT INTO poble VALUES (8362, 'CABEZUELA (LA)', 46);
INSERT INTO poble VALUES (8394, 'CABO CERVERA-PLAYA LA MATA', 3);
INSERT INTO poble VALUES (8406, 'CABO LAS HUERTAS', 3);
INSERT INTO poble VALUES (8407, 'CABO ROIG', 3);
INSERT INTO poble VALUES (8527, 'CABUCHUELO-C. SASTRES', 46);
INSERT INTO poble VALUES (8738, 'CALA', 3);
INSERT INTO poble VALUES (8859, 'CALDERER', 46);
INSERT INTO poble VALUES (8863, 'CALDERON', 46);
INSERT INTO poble VALUES (8866, 'CALDERONA (LA)', 46);
INSERT INTO poble VALUES (8887, 'CALDUCHS', 12);
INSERT INTO poble VALUES (8944, 'CALICANTO', 46);
INSERT INTO poble VALUES (8950, 'CALIG', 12);
INSERT INTO poble VALUES (8979, 'CALLES', 46);
INSERT INTO poble VALUES (8981, 'CALLES DE ORBETA', 3);
INSERT INTO poble VALUES (8989, 'CALLOSA D''EN SARRIA', 3);
INSERT INTO poble VALUES (8990, 'CALLOSA DE SEGURA', 3);
INSERT INTO poble VALUES (8991, 'CALLOSILLA', 3);
INSERT INTO poble VALUES (9010, 'CALPE', 3);
INSERT INTO poble VALUES (9011, 'CALPES (LOS)', 12);
INSERT INTO poble VALUES (9019, 'CALVARI (EL)', 3);
INSERT INTO poble VALUES (9085, 'CALZADA (LA)', 12);
INSERT INTO poble VALUES (9176, 'CAMBREL (EL)', 12);
INSERT INTO poble VALUES (9198, 'CAMI CASABLANCA', 46);
INSERT INTO poble VALUES (9237, 'CAMINO CONVENTO', 46);
INSERT INTO poble VALUES (9239, 'CAMINO DE BENIEL', 3);
INSERT INTO poble VALUES (9243, 'CAMINO DE ENMEDIO', 3);
INSERT INTO poble VALUES (9244, 'CAMINO DE LA ERMITA', 3);
INSERT INTO poble VALUES (9253, 'CAMINO PATERNA', 46);
INSERT INTO poble VALUES (9257, 'CAMINO VIEJO DE CALLOSA', 3);
INSERT INTO poble VALUES (9306, 'CAMPAMENTO MILITAR', 46);
INSERT INTO poble VALUES (9322, 'CAMPANETA (LA)', 3);
INSERT INTO poble VALUES (9323, 'CAMPANICO (EL)', 3);
INSERT INTO poble VALUES (9349, 'CAMPELL', 3);
INSERT INTO poble VALUES (9351, 'CAMPELLO', 3);
INSERT INTO poble VALUES (9478, 'CAMPO ARCIS', 46);
INSERT INTO poble VALUES (9519, 'CAMPO DE ABAJO', 46);
INSERT INTO poble VALUES (9527, 'CAMPO DE ARRIBA', 46);
INSERT INTO poble VALUES (9555, 'CAMPO DE MIRRA', 3);
INSERT INTO poble VALUES (9608, 'CAMPO OLIVAR', 46);
INSERT INTO poble VALUES (9626, 'CAMPOAMOR', 3);
INSERT INTO poble VALUES (9684, 'CAMPORROBLES', 46);
INSERT INTO poble VALUES (9943, 'CANALEJA (LA)', 46);
INSERT INTO poble VALUES (9952, 'CANALES', 12);
INSERT INTO poble VALUES (9965, 'CANALOSA (LA)', 3);
INSERT INTO poble VALUES (9967, 'CANALS', 46);
INSERT INTO poble VALUES (10155, 'CANET D''EN BERENGUER', 46);
INSERT INTO poble VALUES (10158, 'CANET LO ROIG', 12);
INSERT INTO poble VALUES (10340, 'CANTOS (LOS)', 12);
INSERT INTO poble VALUES (10357, 'CAP BLANC', 3);
INSERT INTO poble VALUES (10359, 'CAP DE ROURE', 12);
INSERT INTO poble VALUES (10361, 'CAP DE TERME', 12);
INSERT INTO poble VALUES (10366, 'CAP MARTI', 3);
INSERT INTO poble VALUES (10368, 'CAP Y CORP', 12);
INSERT INTO poble VALUES (10369, 'CAP-BLANC', 46);
INSERT INTO poble VALUES (10418, 'CAPISCOL', 3);
INSERT INTO poble VALUES (10676, 'CARBO (EL)', 12);
INSERT INTO poble VALUES (10722, 'CARCAIXENT', 46);
INSERT INTO poble VALUES (10736, 'CARCER', 46);
INSERT INTO poble VALUES (10864, 'CARINYENA', 12);
INSERT INTO poble VALUES (10877, 'CARLET', 46);
INSERT INTO poble VALUES (10942, 'CARPESA', 46);
INSERT INTO poble VALUES (11024, 'CARRASCA (LA)', 46);
INSERT INTO poble VALUES (11048, 'CARRASCALET', 46);
INSERT INTO poble VALUES (11170, 'CARRETERA DE RAFAL', 3);
INSERT INTO poble VALUES (11209, 'CARRICOLA', 46);
INSERT INTO poble VALUES (11271, 'CARROJA (LA)', 3);
INSERT INTO poble VALUES (11277, 'CARRUANO', 12);
INSERT INTO poble VALUES (11282, 'CARRUS', 3);
INSERT INTO poble VALUES (11286, 'CARTAGENA (LO)', 3);
INSERT INTO poble VALUES (11316, 'CARTUJA', 46);
INSERT INTO poble VALUES (11404, 'CASA FORESTAL', 46);
INSERT INTO poble VALUES (11405, 'CASA FUS', 3);
INSERT INTO poble VALUES (11433, 'CASA-BLANCA', 12);
INSERT INTO poble VALUES (11674, 'CASAS (LAS)', 46);
INSERT INTO poble VALUES (11681, 'CASAS ALTAS', 46);
INSERT INTO poble VALUES (11686, 'CASAS BAJAS', 46);
INSERT INTO poble VALUES (11707, 'CASAS DE BARCENA', 46);
INSERT INTO poble VALUES (11710, 'CASAS DE CABANES Y LAS FUENTES', 3);
INSERT INTO poble VALUES (11722, 'CASAS DE EUFEMIA', 46);
INSERT INTO poble VALUES (11736, 'CASAS DE IBAQEZ', 3);
INSERT INTO poble VALUES (11737, 'CASAS DE JORDAN', 3);
INSERT INTO poble VALUES (11738, 'CASAS DE JUAN BLANCO', 3);
INSERT INTO poble VALUES (11751, 'CASAS DE MADRONA', 46);
INSERT INTO poble VALUES (11753, 'CASAS DE MENOR', 3);
INSERT INTO poble VALUES (11758, 'CASAS DE MOYA', 46);
INSERT INTO poble VALUES (11764, 'CASAS DE PENEN DE ALBOSA', 46);
INSERT INTO poble VALUES (11767, 'CASAS DE PRADAS', 46);
INSERT INTO poble VALUES (11778, 'CASAS DE SOTOS', 46);
INSERT INTO poble VALUES (11780, 'CASAS DE TEROL', 3);
INSERT INTO poble VALUES (11803, 'CASAS DEL POLL', 3);
INSERT INTO poble VALUES (11807, 'CASAS DEL REY', 46);
INSERT INTO poble VALUES (11808, 'CASAS DEL RIO', 12);
INSERT INTO poble VALUES (11809, 'CASAS DEL RIO', 46);
INSERT INTO poble VALUES (11811, 'CASAS DEL SEOR', 3);
INSERT INTO poble VALUES (11840, 'CASAS SANCHIZ', 3);
INSERT INTO poble VALUES (11911, 'CASCANTE', 3);
INSERT INTO poble VALUES (11927, 'CASCO', 46);
INSERT INTO poble VALUES (11931, 'CASCO URBANO', 46);
INSERT INTO poble VALUES (12010, 'CASETES (LES)', 12);
INSERT INTO poble VALUES (12033, 'CASICAS', 3);
INSERT INTO poble VALUES (12082, 'CASINOS', 46);
INSERT INTO poble VALUES (12175, 'CASTALLA', 3);
INSERT INTO poble VALUES (12217, 'CASTELL (EL)', 12);
INSERT INTO poble VALUES (12223, 'CASTELL DE CABRES', 12);
INSERT INTO poble VALUES (12224, 'CASTELL DE CASTELLS', 3);
INSERT INTO poble VALUES (12270, 'CASTELLAR-OLIVERAL', 46);
INSERT INTO poble VALUES (12290, 'CASTELLFORT', 12);
INSERT INTO poble VALUES (12302, 'CASTELLNOVO', 12);
INSERT INTO poble VALUES (12306, 'CASTELLO DE RUGAT', 46);
INSERT INTO poble VALUES (12309, 'CASTELLON', 12);
INSERT INTO poble VALUES (12310, 'CASTELLON DE LA PLANA', 12);
INSERT INTO poble VALUES (12313, 'CASTELLONET', 46);
INSERT INTO poble VALUES (12314, 'CASTELLONS', 3);
INSERT INTO poble VALUES (12315, 'CASTELLONS', 12);
INSERT INTO poble VALUES (12395, 'CASTIBLANQUES', 46);
INSERT INTO poble VALUES (12397, 'CASTIELFABIB', 46);
INSERT INTO poble VALUES (12474, 'CASTILLO DE VILLAMALEFA', 12);
INSERT INTO poble VALUES (12773, 'CATADAU', 46);
INSERT INTO poble VALUES (12789, 'CATAMARRUCH', 3);
INSERT INTO poble VALUES (12792, 'CATARROJA', 46);
INSERT INTO poble VALUES (12801, 'CATI', 12);
INSERT INTO poble VALUES (12808, 'CATRAL', 3);
INSERT INTO poble VALUES (12815, 'CAUDETE DE LAS FUENTES', 46);
INSERT INTO poble VALUES (12816, 'CAUDIEL', 12);
INSERT INTO poble VALUES (12824, 'CAUTIVADOR', 3);
INSERT INTO poble VALUES (12896, 'CDA. CABALLEROS-VIAMALATE', 46);
INSERT INTO poble VALUES (12960, 'CEDRAMAN', 12);
INSERT INTO poble VALUES (13000, 'CELA DE NUQEZ', 3);
INSERT INTO poble VALUES (13067, 'CEMENTERIO', 46);
INSERT INTO poble VALUES (13068, 'CEMENTERIO (EL)', 3);
INSERT INTO poble VALUES (13131, 'CENTRAL NUCLEAR', 46);
INSERT INTO poble VALUES (13224, 'CERDA', 46);
INSERT INTO poble VALUES (13337, 'CEREZOS (LOS)', 3);
INSERT INTO poble VALUES (13493, 'CERVERA DEL MAESTRE', 12);
INSERT INTO poble VALUES (13726, 'CHAPARRAL (EL)', 3);
INSERT INTO poble VALUES (13821, 'CHELLA', 46);
INSERT INTO poble VALUES (13824, 'CHELVA', 46);
INSERT INTO poble VALUES (13833, 'CHERA', 46);
INSERT INTO poble VALUES (13840, 'CHERT', 12);
INSERT INTO poble VALUES (13841, 'CHESTE', 46);
INSERT INTO poble VALUES (13846, 'CHICANOS (LOS)', 46);
INSERT INTO poble VALUES (13853, 'CHILCHES', 12);
INSERT INTO poble VALUES (13874, 'CHINORLET', 3);
INSERT INTO poble VALUES (13887, 'CHIRLES', 3);
INSERT INTO poble VALUES (13891, 'CHISMOSA (LA)', 3);
INSERT INTO poble VALUES (13893, 'CHISQUEROL', 12);
INSERT INTO poble VALUES (13895, 'CHIVA', 46);
INSERT INTO poble VALUES (13896, 'CHIVA DE MORELLA', 12);
INSERT INTO poble VALUES (13904, 'CHODOS', 12);
INSERT INTO poble VALUES (13913, 'CHOPO (EL)', 46);
INSERT INTO poble VALUES (13924, 'CHORRADOR', 3);
INSERT INTO poble VALUES (13960, 'CHOVAR', 12);
INSERT INTO poble VALUES (13969, 'CHOZAS (LAS)', 3);
INSERT INTO poble VALUES (13978, 'CHULILLA', 46);
INSERT INTO poble VALUES (14135, 'CINCTORRES', 12);
INSERT INTO poble VALUES (14155, 'CIRAT', 12);
INSERT INTO poble VALUES (14206, 'CIUDAD JARDIN', 3);
INSERT INTO poble VALUES (14209, 'CIUDAD PATRICIA', 3);
INSERT INTO poble VALUES (14210, 'CIUDAD QUESADA', 3);
INSERT INTO poble VALUES (14250, 'CLAVELL', 46);
INSERT INTO poble VALUES (14260, 'CLIMONT', 3);
INSERT INTO poble VALUES (14261, 'CLOCHES DEL SORT (LES)', 12);
INSERT INTO poble VALUES (14264, 'CLOT DEL OLIVER', 46);
INSERT INTO poble VALUES (14331, 'COBLANCA', 3);
INSERT INTO poble VALUES (14363, 'COCENTAINA', 3);
INSERT INTO poble VALUES (14449, 'COFRENTES', 46);
INSERT INTO poble VALUES (14466, 'COGULLADA', 46);
INSERT INTO poble VALUES (14501, 'COJOS (LOS)', 46);
INSERT INTO poble VALUES (14509, 'COLADOR', 12);
INSERT INTO poble VALUES (14521, 'COLINA EL ALT', 46);
INSERT INTO poble VALUES (14529, 'COLINAS VENTA CABRERA DERECHA', 46);
INSERT INTO poble VALUES (14530, 'COLINAS VENTA CABRERA IZQUIERDA', 46);
INSERT INTO poble VALUES (14536, 'COLL DE RUALDA', 12);
INSERT INTO poble VALUES (14547, 'COLLADILLO (EL)', 12);
INSERT INTO poble VALUES (14560, 'COLLADO (EL)', 46);
INSERT INTO poble VALUES (14561, 'COLLADO BLANCO (EL)', 12);
INSERT INTO poble VALUES (14605, 'COLLEREROS (LOS)', 3);
INSERT INTO poble VALUES (14633, 'COLOMA', 12);
INSERT INTO poble VALUES (14659, 'COLONIA LA MARINENSE', 46);
INSERT INTO poble VALUES (14674, 'COLONIA SAN ISIDRO', 3);
INSERT INTO poble VALUES (14675, 'COLONIA SAN JOAQUIN', 46);
INSERT INTO poble VALUES (14676, 'COLONIA SANTA EULALIA (LA)', 3);
INSERT INTO poble VALUES (14677, 'COLONIA SANTA ISABEL', 3);
INSERT INTO poble VALUES (14680, 'COLONIA STA. ANA', 46);
INSERT INTO poble VALUES (14701, 'COMA (LA)', 46);
INSERT INTO poble VALUES (14745, 'COMES (LES)', 46);
INSERT INTO poble VALUES (14748, 'COMETA', 3);
INSERT INTO poble VALUES (14865, 'CONFRIDES', 3);
INSERT INTO poble VALUES (14947, 'CONTRERAS', 46);
INSERT INTO poble VALUES (14951, 'CONVENTO', 12);
INSERT INTO poble VALUES (14954, 'CONVENTO', 46);
INSERT INTO poble VALUES (14959, 'CONVENTO DE BENIFASAR', 12);
INSERT INTO poble VALUES (14961, 'CONVENTO DEL CARMEN', 12);
INSERT INTO poble VALUES (14968, 'COOPERATIVA CARTEROS RURALES', 3);
INSERT INTO poble VALUES (14981, 'CORACHAR', 12);
INSERT INTO poble VALUES (15000, 'CORBERA', 46);
INSERT INTO poble VALUES (15015, 'CORBO DE BAIX', 12);
INSERT INTO poble VALUES (15016, 'CORBO DE DALT', 12);
INSERT INTO poble VALUES (15028, 'CORCOLILLA', 46);
INSERT INTO poble VALUES (15183, 'CORONA (LA)', 3);
INSERT INTO poble VALUES (15233, 'CORRAL DE LA OMBRIA (EL)', 12);
INSERT INTO poble VALUES (15265, 'CORRALES (LOS)', 46);
INSERT INTO poble VALUES (15308, 'CORRENTIAS ALTAS', 3);
INSERT INTO poble VALUES (15309, 'CORRENTIAS BAJAS', 3);
INSERT INTO poble VALUES (15310, 'CORRENTIAS MEDIAS', 3);
INSERT INTO poble VALUES (15396, 'CORTES DE ARENOSO', 12);
INSERT INTO poble VALUES (15399, 'CORTES DE PALLAS', 46);
INSERT INTO poble VALUES (15415, 'CORTICHELLES', 46);
INSERT INTO poble VALUES (15610, 'COSTA BELLA', 3);
INSERT INTO poble VALUES (15629, 'COSTA NOVA', 3);
INSERT INTO poble VALUES (15680, 'COSTUR', 12);
INSERT INTO poble VALUES (15727, 'COTES', 46);
INSERT INTO poble VALUES (15817, 'COTOVETA', 3);
INSERT INTO poble VALUES (15963, 'COVATELLES', 3);
INSERT INTO poble VALUES (15982, 'COVETA FUMA', 3);
INSERT INTO poble VALUES (15992, 'COX', 3);
INSERT INTO poble VALUES (16036, 'CRESTES (LES)', 46);
INSERT INTO poble VALUES (16047, 'CREVADAS (LAS)', 12);
INSERT INTO poble VALUES (16048, 'CREVILLENTE', 3);
INSERT INTO poble VALUES (16192, 'CRUZ DE GALINDO', 3);
INSERT INTO poble VALUES (16193, 'CRUZ DE GRACIA', 46);
INSERT INTO poble VALUES (16259, 'CUADRO SANTIAGO', 12);
INSERT INTO poble VALUES (16299, 'CUATRETONDETA', 3);
INSERT INTO poble VALUES (16503, 'CUESTA DEL RATO', 46);
INSERT INTO poble VALUES (16552, 'CUEVA SANTA (LA)', 12);
INSERT INTO poble VALUES (16554, 'CUEVARRUZ (LA)', 46);
INSERT INTO poble VALUES (16564, 'CUEVAS (LAS)', 46);
INSERT INTO poble VALUES (16586, 'CUEVAS DE VINROMA', 12);
INSERT INTO poble VALUES (16619, 'CULEBRON', 3);
INSERT INTO poble VALUES (16621, 'CULLA', 12);
INSERT INTO poble VALUES (16626, 'CULLERA', 46);
INSERT INTO poble VALUES (16627, 'CULLERA-PARK', 46);
INSERT INTO poble VALUES (16647, 'CUMBRE DEL SOL', 3);
INSERT INTO poble VALUES (16651, 'CUMBRES DE CALICANTO', 46);
INSERT INTO poble VALUES (16653, 'CUMBRES DE SAN ANTONIO', 46);
INSERT INTO poble VALUES (16829, 'DAIMES', 3);
INSERT INTO poble VALUES (16831, 'DAIMUS', 46);
INSERT INTO poble VALUES (16862, 'DAYA NUEVA', 3);
INSERT INTO poble VALUES (16863, 'DAYA VIEJA', 3);
INSERT INTO poble VALUES (16966, 'DELICIAS DEL REALON', 46);
INSERT INTO poble VALUES (16995, 'DENIA', 3);
INSERT INTO poble VALUES (17006, 'DERRAMADOR', 3);
INSERT INTO poble VALUES (17007, 'DERRAMADOR (EL)', 3);
INSERT INTO poble VALUES (17008, 'DERRAMADOR (EL)', 46);
INSERT INTO poble VALUES (17016, 'DESAMPARADOS (LOS)', 3);
INSERT INTO poble VALUES (17017, 'DESCANSO (EL)', 46);
INSERT INTO poble VALUES (17025, 'DESIERTO DE LAS PALMAS', 12);
INSERT INTO poble VALUES (17037, 'DEVESA', 3);
INSERT INTO poble VALUES (17060, 'DEVESES', 3);
INSERT INTO poble VALUES (17061, 'DEVESES (LES)', 12);
INSERT INTO poble VALUES (17229, 'DOLORES', 3);
INSERT INTO poble VALUES (17231, 'DOLORES (LOS)', 3);
INSERT INTO poble VALUES (17244, 'DOMEO', 46);
INSERT INTO poble VALUES (17365, 'DOS AGUAS', 46);
INSERT INTO poble VALUES (17373, 'DOSEL (EL)', 46);
INSERT INTO poble VALUES (17395, 'DRAMIS', 46);
INSERT INTO poble VALUES (17398, 'DROVA', 46);
INSERT INTO poble VALUES (17399, 'DROVA (LA)', 46);
INSERT INTO poble VALUES (17424, 'DUMENCHES (ELS)', 12);
INSERT INTO poble VALUES (17431, 'DUQUES (LOS)', 46);
INSERT INTO poble VALUES (17486, 'EDEN (EL)', 3);
INSERT INTO poble VALUES (17653, 'ELCHE', 3);
INSERT INTO poble VALUES (17657, 'ELDA', 3);
INSERT INTO poble VALUES (17681, 'ELIANA (L'')', 46);
INSERT INTO poble VALUES (17742, 'EMPALME (EL)', 12);
INSERT INTO poble VALUES (17751, 'EMPERADOR', 46);
INSERT INTO poble VALUES (17763, 'ENCEBRAS', 3);
INSERT INTO poble VALUES (17774, 'ENCINA (LA)', 3);
INSERT INTO poble VALUES (17844, 'ENGUERA', 46);
INSERT INTO poble VALUES (17857, 'ENOVA', 46);
INSERT INTO poble VALUES (17859, 'ENRAMONA', 12);
INSERT INTO poble VALUES (17860, 'ENRIERES', 12);
INSERT INTO poble VALUES (17894, 'ENTRE NARANJOS Y FLORES', 3);
INSERT INTO poble VALUES (17902, 'ENTREDOS (L'')', 3);
INSERT INTO poble VALUES (17911, 'ENTREPINOS', 3);
INSERT INTO poble VALUES (17956, 'ERA BLANCA', 12);
INSERT INTO poble VALUES (17961, 'ERALTA (LA)', 3);
INSERT INTO poble VALUES (18038, 'ERMITA (LA)', 3);
INSERT INTO poble VALUES (18043, 'ERMITA (LA)', 46);
INSERT INTO poble VALUES (18057, 'ERMITA SAN JOSE', 12);
INSERT INTO poble VALUES (18152, 'ESCANDINAVIA', 3);
INSERT INTO poble VALUES (18241, 'ESCORRATEL (EL)', 3);
INSERT INTO poble VALUES (18324, 'ESLIDA', 12);
INSERT INTO poble VALUES (18349, 'ESPADILLA', 12);
INSERT INTO poble VALUES (18399, 'ESPEJERAS', 3);
INSERT INTO poble VALUES (18423, 'ESPERANZA (LA)', 12);
INSERT INTO poble VALUES (18625, 'ESTACIO NORD', 3);
INSERT INTO poble VALUES (18640, 'ESTACION (LA)', 3);
INSERT INTO poble VALUES (18646, 'ESTACION (LA)', 12);
INSERT INTO poble VALUES (18697, 'ESTACION DE LOS VALLES', 46);
INSERT INTO poble VALUES (18699, 'ESTACION DE MONOVAR', 3);
INSERT INTO poble VALUES (18746, 'ESTANY (EL)', 46);
INSERT INTO poble VALUES (18786, 'ESTENAS', 46);
INSERT INTO poble VALUES (18792, 'ESTEPAR', 3);
INSERT INTO poble VALUES (18822, 'ESTIVELLA', 46);
INSERT INTO poble VALUES (18847, 'ESTRADA (LA)', 3);
INSERT INTO poble VALUES (18883, 'ESTUBENY', 46);
INSERT INTO poble VALUES (18899, 'EUROPARK', 3);
INSERT INTO poble VALUES (18909, 'EXTRAMUROS GELDO', 12);
INSERT INTO poble VALUES (18968, 'FABRICA DE GINER (LA)', 12);
INSERT INTO poble VALUES (18988, 'FACHECA', 3);
INSERT INTO poble VALUES (19060, 'FAMORCA', 3);
INSERT INTO poble VALUES (19062, 'FANADIX', 3);
INSERT INTO poble VALUES (19076, 'FANZARA', 12);
INSERT INTO poble VALUES (19157, 'FAURA', 46);
INSERT INTO poble VALUES (19159, 'FAVARA', 46);
INSERT INTO poble VALUES (19321, 'FERNANDET', 46);
INSERT INTO poble VALUES (19563, 'FIGUEROLES', 12);
INSERT INTO poble VALUES (19589, 'FILIPINAS (LAS)', 3);
INSERT INTO poble VALUES (19596, 'FINCA (LA)', 3);
INSERT INTO poble VALUES (19602, 'FINCA TEROL', 3);
INSERT INTO poble VALUES (19605, 'FINESTRAT', 3);
INSERT INTO poble VALUES (19653, 'FLARE (EL)', 46);
INSERT INTO poble VALUES (19660, 'FLEIX', 3);
INSERT INTO poble VALUES (19686, 'FLORIDA (LA)', 46);
INSERT INTO poble VALUES (19705, 'FOIA (LA)', 3);
INSERT INTO poble VALUES (19708, 'FOIOS', 46);
INSERT INTO poble VALUES (19900, 'FONT (LA)', 3);
INSERT INTO poble VALUES (19901, 'FONT D''EN CARROS (LA)', 46);
INSERT INTO poble VALUES (19905, 'FONT D''EN TORRES', 12);
INSERT INTO poble VALUES (19906, 'FONT DE BECA (LA)', 12);
INSERT INTO poble VALUES (19908, 'FONT DE LA FIGUERA (LA)', 46);
INSERT INTO poble VALUES (19918, 'FONT TALLA (LA)', 12);
INSERT INTO poble VALUES (19920, 'FONT-CALENT', 3);
INSERT INTO poble VALUES (19952, 'FONTANARES', 46);
INSERT INTO poble VALUES (20182, 'FONTILLES', 3);
INSERT INTO poble VALUES (20230, 'FORCALL', 12);
INSERT INTO poble VALUES (20266, 'FORMENTERA DEL SEGURA', 3);
INSERT INTO poble VALUES (20292, 'FORNA', 3);
INSERT INTO poble VALUES (20362, 'FORTALENY', 46);
INSERT INTO poble VALUES (20428, 'FOYA (LA)', 12);
INSERT INTO poble VALUES (20429, 'FOYA BLANCA', 3);
INSERT INTO poble VALUES (20430, 'FOYA ESTRETA (LA)', 12);
INSERT INTO poble VALUES (20431, 'FOYA SABATER (LA)', 12);
INSERT INTO poble VALUES (20434, 'FOYES DE DALT', 12);
INSERT INTO poble VALUES (20592, 'FRANK ESPINOS', 3);
INSERT INTO poble VALUES (20635, 'FREDES', 12);
INSERT INTO poble VALUES (20818, 'FRONTERA', 46);
INSERT INTO poble VALUES (20852, 'FTE.ALMAGUER', 46);
INSERT INTO poble VALUES (20935, 'FUENTE DE LA SALUD', 12);
INSERT INTO poble VALUES (20984, 'FUENTE EN-SEGURES', 12);
INSERT INTO poble VALUES (20991, 'FUENTE LA REINA', 12);
INSERT INTO poble VALUES (21081, 'FUENTERROBLES', 46);
INSERT INTO poble VALUES (21087, 'FUENTES (LAS)', 12);
INSERT INTO poble VALUES (21097, 'FUENTES DE AYODAR', 12);
INSERT INTO poble VALUES (21225, 'GABARDA', 46);
INSERT INTO poble VALUES (21267, 'GAIBIEL', 12);
INSERT INTO poble VALUES (21334, 'GALERAS ALTAS', 3);
INSERT INTO poble VALUES (21335, 'GALERAS BAJAS', 3);
INSERT INTO poble VALUES (21351, 'GALIA (LA)', 3);
INSERT INTO poble VALUES (21514, 'GANDIA', 46);
INSERT INTO poble VALUES (21582, 'GARCIA (LA)', 12);
INSERT INTO poble VALUES (21610, 'GARDEN CURT-LA PALOMA', 3);
INSERT INTO poble VALUES (21690, 'GARROFERA (LA)', 46);
INSERT INTO poble VALUES (21729, 'GATA DE GORGOS', 3);
INSERT INTO poble VALUES (21747, 'GATOVA', 12);
INSERT INTO poble VALUES (21771, 'GAYANES', 3);
INSERT INTO poble VALUES (21798, 'GELDO', 12);
INSERT INTO poble VALUES (21828, 'GENOVES', 46);
INSERT INTO poble VALUES (21858, 'GESTALGAR', 46);
INSERT INTO poble VALUES (21877, 'GIALMA', 3);
INSERT INTO poble VALUES (21901, 'GILET', 46);
INSERT INTO poble VALUES (21935, 'GIRABA DE ABAJO', 12);
INSERT INTO poble VALUES (21936, 'GIRABA DE ARRIBA', 12);
INSERT INTO poble VALUES (21940, 'GIRASOLES (LOS)', 3);
INSERT INTO poble VALUES (21955, 'GLORIA (LA)', 3);
INSERT INTO poble VALUES (21986, 'GODELLA', 46);
INSERT INTO poble VALUES (21987, 'GODELLETA', 46);
INSERT INTO poble VALUES (21992, 'GODOLLETA', 46);
INSERT INTO poble VALUES (22223, 'GORGA', 3);
INSERT INTO poble VALUES (22243, 'GORMAIG', 3);
INSERT INTO poble VALUES (22398, 'GRAN ALACANT', 3);
INSERT INTO poble VALUES (22404, 'GRANADA', 3);
INSERT INTO poble VALUES (22461, 'GRANELLA (LA)', 12);
INSERT INTO poble VALUES (22479, 'GRANJA DE LA COSTERA (LA)', 46);
INSERT INTO poble VALUES (22481, 'GRANJA DE ROCAMORA', 3);
INSERT INTO poble VALUES (22517, 'GRAO DE CASTELLON', 12);
INSERT INTO poble VALUES (22518, 'GRAO', 46);
INSERT INTO poble VALUES (22519, 'GRAO DE MONCOFAR', 12);
INSERT INTO poble VALUES (22557, 'GREVOLAR (EL)', 12);
INSERT INTO poble VALUES (22657, 'GUADALEST', 3);
INSERT INTO poble VALUES (22673, 'GUADASEQUIES', 46);
INSERT INTO poble VALUES (22674, 'GUADASUAR', 46);
INSERT INTO poble VALUES (22710, 'GUARDAMAR', 46);
INSERT INTO poble VALUES (22711, 'GUARDAMAR DEL SEGURA', 3);
INSERT INTO poble VALUES (22737, 'GUARRACH-GARRAMA', 46);
INSERT INTO poble VALUES (23074, 'HAYGON', 3);
INSERT INTO poble VALUES (23120, 'HERBES', 12);
INSERT INTO poble VALUES (23121, 'HERBESET', 12);
INSERT INTO poble VALUES (23135, 'HEREDADES (LAS)', 3);
INSERT INTO poble VALUES (23244, 'HERREROS (LOS)', 46);
INSERT INTO poble VALUES (23267, 'HERVIDEROS', 46);
INSERT INTO poble VALUES (23301, 'HIGUERAS', 12);
INSERT INTO poble VALUES (23307, 'HIGUERUELAS', 46);
INSERT INTO poble VALUES (23367, 'HONDON', 3);
INSERT INTO poble VALUES (23369, 'HONDON DE LAS NIEVES', 3);
INSERT INTO poble VALUES (23370, 'HONDON DE LOS FRAILES', 3);
INSERT INTO poble VALUES (23379, 'HONTANAR (EL)', 46);
INSERT INTO poble VALUES (23450, 'HORNO DE ALCEDO', 46);
INSERT INTO poble VALUES (23471, 'HORTA (L'')', 3);
INSERT INTO poble VALUES (23485, 'HORTICHUELA (LA)', 46);
INSERT INTO poble VALUES (23494, 'HORTUNAS', 46);
INSERT INTO poble VALUES (23501, 'HOSPITAL', 46);
INSERT INTO poble VALUES (23516, 'HOSTAL DEL MESTRE', 12);
INSERT INTO poble VALUES (23518, 'HOSTAL NOU', 12);
INSERT INTO poble VALUES (23676, 'HUERTA (LA)', 12);
INSERT INTO poble VALUES (23745, 'HUERTO DE LA RABASA', 46);
INSERT INTO poble VALUES (23748, 'HUERTOS (LOS)', 3);
INSERT INTO poble VALUES (23793, 'HURCHILLO', 3);
INSERT INTO poble VALUES (23827, 'IBARSOS (ELS)', 12);
INSERT INTO poble VALUES (23832, 'IBI', 3);
INSERT INTO poble VALUES (24177, 'ISIDROS (LOS)', 46);
INSERT INTO poble VALUES (24194, 'ISLA PLANA O NUEVA TABARCA', 3);
INSERT INTO poble VALUES (24204, 'ISLAS COLUMBRETES', 12);
INSERT INTO poble VALUES (24303, 'JACARILLA', 3);
INSERT INTO poble VALUES (24317, 'JALANCE', 46);
INSERT INTO poble VALUES (24318, 'JALON', 3);
INSERT INTO poble VALUES (24327, 'JANA (LA)', 12);
INSERT INTO poble VALUES (24333, 'JARA (LA)', 3);
INSERT INTO poble VALUES (24339, 'JARAFUEL', 46);
INSERT INTO poble VALUES (24340, 'JARAGUAS', 46);
INSERT INTO poble VALUES (24367, 'JARDIN DE ALFAZ', 3);
INSERT INTO poble VALUES (24415, 'JAVEA', 3);
INSERT INTO poble VALUES (24436, 'JERICA', 12);
INSERT INTO poble VALUES (24447, 'JESUS POBRE', 3);
INSERT INTO poble VALUES (24453, 'JIJONA', 3);
INSERT INTO poble VALUES (24533, 'JUAN VICH', 46);
INSERT INTO poble VALUES (24545, 'JUBALCOI', 3);
INSERT INTO poble VALUES (24663, 'LABERUELA (LA)', 46);
INSERT INTO poble VALUES (25596, 'LEL', 3);
INSERT INTO poble VALUES (25841, 'LIMONEROS (LOS)', 3);
INSERT INTO poble VALUES (25899, 'LIRIANOS', 46);
INSERT INTO poble VALUES (25927, 'LLACOVA (LA)', 12);
INSERT INTO poble VALUES (26021, 'LLANERA DE RANES', 46);
INSERT INTO poble VALUES (26048, 'LLANO DE CORRALES', 46);
INSERT INTO poble VALUES (26051, 'LLANO DE LA CAADA', 12);
INSERT INTO poble VALUES (26053, 'LLANO DE LA MARQUESA', 12);
INSERT INTO poble VALUES (26139, 'LLAURI', 46);
INSERT INTO poble VALUES (26177, 'LLERGUERES (LES)', 12);
INSERT INTO poble VALUES (26194, 'LLIBER', 3);
INSERT INTO poble VALUES (26213, 'LLIRIA', 46);
INSERT INTO poble VALUES (26216, 'LLIVIS (ELS)', 12);
INSERT INTO poble VALUES (26221, 'LLOCNOU DE SANT JERONI', 46);
INSERT INTO poble VALUES (26226, 'LLOIXA', 3);
INSERT INTO poble VALUES (26228, 'LLOMBAI', 3);
INSERT INTO poble VALUES (26230, 'LLOMBAY', 46);
INSERT INTO poble VALUES (26232, 'LLOMETES (LES)', 12);
INSERT INTO poble VALUES (26263, 'LLOSA (LA)', 12);
INSERT INTO poble VALUES (26268, 'LLOSA DE CAMACHO', 3);
INSERT INTO poble VALUES (26269, 'LLOSA DE RANES', 46);
INSERT INTO poble VALUES (26287, 'LLUCA', 3);
INSERT INTO poble VALUES (26298, 'LLUTXENT', 46);
INSERT INTO poble VALUES (26437, 'LOMA DE LA VIRGEN', 46);
INSERT INTO poble VALUES (26447, 'LOMAS (LAS)', 3);
INSERT INTO poble VALUES (26449, 'LOMAS (LAS)', 12);
INSERT INTO poble VALUES (26455, 'LOMAS DE DON JUAN', 3);
INSERT INTO poble VALUES (26456, 'LOMAS DE POLO', 3);
INSERT INTO poble VALUES (26601, 'LORCHA', 3);
INSERT INTO poble VALUES (26621, 'LORIGUILLA', 46);
INSERT INTO poble VALUES (26638, 'LOSA DEL OBISPO', 46);
INSERT INTO poble VALUES (26653, 'LOSILLA', 46);
INSERT INTO poble VALUES (26663, 'LOTERIA', 46);
INSERT INTO poble VALUES (26844, 'LUCENA DEL CID', 12);
INSERT INTO poble VALUES (26874, 'LUDIENTE', 12);
INSERT INTO poble VALUES (26909, 'LUGAR NUEVO DE FENOLLET', 46);
INSERT INTO poble VALUES (26910, 'LUGAR NUEVO DE LA CORONA', 46);
INSERT INTO poble VALUES (26995, 'LUZ (BARRIO DE LA)', 46);
INSERT INTO poble VALUES (27005, 'MAA', 3);
INSERT INTO poble VALUES (27035, 'MACASTRE', 46);
INSERT INTO poble VALUES (27090, 'MADARA', 3);
INSERT INTO poble VALUES (27141, 'MADRIGUERES', 3);
INSERT INTO poble VALUES (27222, 'MAHUELLA-TAULADELLA-RAFALELL Y VISTABELL', 46);
INSERT INTO poble VALUES (27242, 'MAITINO', 3);
INSERT INTO poble VALUES (27307, 'MALLA (LA)', 46);
INSERT INTO poble VALUES (27313, 'MALLAETES', 46);
INSERT INTO poble VALUES (27444, 'MANDARINA (LA)', 3);
INSERT INTO poble VALUES (27477, 'MANGRANER', 12);
INSERT INTO poble VALUES (27488, 'MANISES', 46);
INSERT INTO poble VALUES (27526, 'MANUEL', 46);
INSERT INTO poble VALUES (27587, 'MAR AZUL', 3);
INSERT INTO poble VALUES (27667, 'MARCHUQUERA', 46);
INSERT INTO poble VALUES (27693, 'MARCOS (LOS)', 46);
INSERT INTO poble VALUES (27707, 'MARENY BLAU', 46);
INSERT INTO poble VALUES (27708, 'MARENY DE BARRAQUETES', 46);
INSERT INTO poble VALUES (27709, 'MARENY DE VILCHES', 46);
INSERT INTO poble VALUES (27710, 'MARENY SANT LLORENC', 46);
INSERT INTO poble VALUES (27711, 'MARENYET (EL)', 46);
INSERT INTO poble VALUES (27723, 'MARGARIDA', 3);
INSERT INTO poble VALUES (27780, 'MARINA (LA)', 3);
INSERT INTO poble VALUES (27787, 'MARINES', 3);
INSERT INTO poble VALUES (27788, 'MARINES', 46);
INSERT INTO poble VALUES (27842, 'MARQUESA', 3);
INSERT INTO poble VALUES (27883, 'MARSETA', 3);
INSERT INTO poble VALUES (27947, 'MARTINEZ (LOS)', 3);
INSERT INTO poble VALUES (28001, 'MAS BLANCH', 12);
INSERT INTO poble VALUES (28012, 'MAS D''ALBALAT', 12);
INSERT INTO poble VALUES (28013, 'MAS D''ALENTAO', 12);
INSERT INTO poble VALUES (28016, 'MAS D''EN CHORDA', 12);
INSERT INTO poble VALUES (28018, 'MAS D''EN FABONA', 12);
INSERT INTO poble VALUES (28019, 'MAS D''EN FUSTER', 12);
INSERT INTO poble VALUES (28022, 'MAS D''EN RIERES', 12);
INSERT INTO poble VALUES (28026, 'MAS DE AGUT', 12);
INSERT INTO poble VALUES (28027, 'MAS DE ALBALAT', 12);
INSERT INTO poble VALUES (28029, 'MAS DE BARRACHI', 12);
INSERT INTO poble VALUES (28030, 'MAS DE BARRERA', 12);
INSERT INTO poble VALUES (28031, 'MAS DE BELENGUE', 12);
INSERT INTO poble VALUES (28032, 'MAS DE BELLADONA', 12);
INSERT INTO poble VALUES (28035, 'MAS DE CALAF', 12);
INSERT INTO poble VALUES (28036, 'MAS DE CAMPOS', 12);
INSERT INTO poble VALUES (28038, 'MAS DE CARRETERA', 12);
INSERT INTO poble VALUES (28039, 'MAS DE CASTILLO', 12);
INSERT INTO poble VALUES (28040, 'MAS DE CATALA', 12);
INSERT INTO poble VALUES (28041, 'MAS DE CERVERA', 12);
INSERT INTO poble VALUES (28042, 'MAS DE CHOLITO', 12);
INSERT INTO poble VALUES (28043, 'MAS DE COLOM', 12);
INSERT INTO poble VALUES (28044, 'MAS DE DOMINGO', 12);
INSERT INTO poble VALUES (28045, 'MAS DE ENQUEIXA', 12);
INSERT INTO poble VALUES (28046, 'MAS DE ENSAVI', 12);
INSERT INTO poble VALUES (28047, 'MAS DE FAU', 12);
INSERT INTO poble VALUES (28048, 'MAS DE GUALET', 12);
INSERT INTO poble VALUES (28049, 'MAS DE HERRERO', 12);
INSERT INTO poble VALUES (28050, 'MAS DE JACINTO', 46);
INSERT INTO poble VALUES (28052, 'MAS DE LA BELLA', 12);
INSERT INTO poble VALUES (28053, 'MAS DE LA BLANQUETA', 12);
INSERT INTO poble VALUES (28054, 'MAS DE LA BLAYA', 12);
INSERT INTO poble VALUES (28055, 'MAS DE LA BOLTA', 12);
INSERT INTO poble VALUES (28057, 'MAS DE LA ESTELA', 12);
INSERT INTO poble VALUES (28058, 'MAS DE LA MARINA', 12);
INSERT INTO poble VALUES (28059, 'MAS DE LA MATISA', 12);
INSERT INTO poble VALUES (28061, 'MAS DE LA MORA', 12);
INSERT INTO poble VALUES (28062, 'MAS DE LA OBRERA', 12);
INSERT INTO poble VALUES (28063, 'MAS DE LA PALANCA', 12);
INSERT INTO poble VALUES (28065, 'MAS DE LA PINELLA', 12);
INSERT INTO poble VALUES (28066, 'MAS DE LA SENA', 12);
INSERT INTO poble VALUES (28067, 'MAS DE LA VALL', 12);
INSERT INTO poble VALUES (28071, 'MAS DE LOS MUROS', 46);
INSERT INTO poble VALUES (28072, 'MAS DE MANZANO', 12);
INSERT INTO poble VALUES (28073, 'MAS DE MIRALLES', 12);
INSERT INTO poble VALUES (28074, 'MAS DE MONTE', 12);
INSERT INTO poble VALUES (28075, 'MAS DE MONTINO', 12);
INSERT INTO poble VALUES (28078, 'MAS DE PATARRUM', 12);
INSERT INTO poble VALUES (28079, 'MAS DE ROSILDOS', 12);
INSERT INTO poble VALUES (28080, 'MAS DE ROURES', 12);
INSERT INTO poble VALUES (28083, 'MAS DE TORIBIO', 12);
INSERT INTO poble VALUES (28084, 'MAS DE TRILLES', 12);
INSERT INTO poble VALUES (28085, 'MAS DE VALENTI', 12);
INSERT INTO poble VALUES (28086, 'MAS DE VIDAL', 12);
INSERT INTO poble VALUES (28088, 'MAS DEL BLAU', 12);
INSERT INTO poble VALUES (28089, 'MAS DEL COLL', 12);
INSERT INTO poble VALUES (28090, 'MAS DEL COLLET', 12);
INSERT INTO poble VALUES (28091, 'MAS DEL CURRO', 12);
INSERT INTO poble VALUES (28094, 'MAS DEL OLMO', 46);
INSERT INTO poble VALUES (28096, 'MAS DEL REGALL', 12);
INSERT INTO poble VALUES (28097, 'MAS DEL SECO', 12);
INSERT INTO poble VALUES (28098, 'MAS DEL SURCO', 12);
INSERT INTO poble VALUES (28099, 'MAS DEL VENTERO', 12);
INSERT INTO poble VALUES (28100, 'MAS DEL VILAS', 12);
INSERT INTO poble VALUES (28101, 'MAS DELS BANCALAS', 12);
INSERT INTO poble VALUES (28102, 'MAS DELS CALDUCHS', 12);
INSERT INTO poble VALUES (28103, 'MAS DELS CHULOS', 12);
INSERT INTO poble VALUES (28104, 'MAS DELS OMS', 12);
INSERT INTO poble VALUES (28105, 'MAS DELS SANTS', 12);
INSERT INTO poble VALUES (28139, 'MAS-QUEMADO', 12);
INSERT INTO poble VALUES (28141, 'MASADA DEL SORDO', 12);
INSERT INTO poble VALUES (28142, 'MASALAVES', 46);
INSERT INTO poble VALUES (28143, 'MASALFASAR', 46);
INSERT INTO poble VALUES (28148, 'MASARROCHOS', 46);
INSERT INTO poble VALUES (28153, 'MASCARELL', 12);
INSERT INTO poble VALUES (28155, 'MASDAVALL', 12);
INSERT INTO poble VALUES (28169, 'MASET DEL POU', 46);
INSERT INTO poble VALUES (28174, 'MASIA ARNAL', 46);
INSERT INTO poble VALUES (28175, 'MASIA AVENCH', 12);
INSERT INTO poble VALUES (28176, 'MASIA COLOMA', 12);
INSERT INTO poble VALUES (28177, 'MASIA COSTERETA', 12);
INSERT INTO poble VALUES (28178, 'MASIA D''ENGUASCH', 12);
INSERT INTO poble VALUES (28179, 'MASIA DE ABAD', 12);
INSERT INTO poble VALUES (28180, 'MASIA DE ADELANTADO', 12);
INSERT INTO poble VALUES (28181, 'MASIA DE ANTOLI', 12);
INSERT INTO poble VALUES (28182, 'MASIA DE ARTIJUELA', 12);
INSERT INTO poble VALUES (28183, 'MASIA DE BENACHERA', 12);
INSERT INTO poble VALUES (28184, 'MASIA DE BENICABO', 12);
INSERT INTO poble VALUES (28185, 'MASIA DE BRUSCA (LA)', 12);
INSERT INTO poble VALUES (28186, 'MASIA DE CABEZO ROYO', 12);
INSERT INTO poble VALUES (28187, 'MASIA DE CAPOTE', 12);
INSERT INTO poble VALUES (28188, 'MASIA DE CARRUANO', 12);
INSERT INTO poble VALUES (28189, 'MASIA DE CELADES', 12);
INSERT INTO poble VALUES (28190, 'MASIA DE CERDANA', 12);
INSERT INTO poble VALUES (28191, 'MASIA DE CLERIG', 12);
INSERT INTO poble VALUES (28192, 'MASIA DE CORRENTILLA', 12);
INSERT INTO poble VALUES (28193, 'MASIA DE CUCALON', 12);
INSERT INTO poble VALUES (28194, 'MASIA DE CUSTODIO', 12);
INSERT INTO poble VALUES (28195, 'MASIA DE DOLS', 12);
INSERT INTO poble VALUES (28196, 'MASIA DE ENRAMON', 12);
INSERT INTO poble VALUES (28197, 'MASIA DE EVARISTO', 12);
INSERT INTO poble VALUES (28198, 'MASIA DE FABRA LLOMA', 12);
INSERT INTO poble VALUES (28199, 'MASIA DE FLORS', 12);
INSERT INTO poble VALUES (28200, 'MASIA DE GASQUE', 12);
INSERT INTO poble VALUES (28201, 'MASIA DE GATELLA', 12);
INSERT INTO poble VALUES (28202, 'MASIA DE GIMENO VIEJO', 12);
INSERT INTO poble VALUES (28203, 'MASIA DE JAIME VICENTE', 12);
INSERT INTO poble VALUES (28204, 'MASIA DE JUNCOSA', 12);
INSERT INTO poble VALUES (28205, 'MASIA DE LA COSTA', 12);
INSERT INTO poble VALUES (28206, 'MASIA DE LA LOMA', 12);
INSERT INTO poble VALUES (28207, 'MASIA DE LA PARRA', 12);
INSERT INTO poble VALUES (28208, 'MASIA DE LA TEJERIA', 12);
INSERT INTO poble VALUES (28209, 'MASIA DE LA TORRETA', 12);
INSERT INTO poble VALUES (28210, 'MASIA DE LOS PEREZ', 12);
INSERT INTO poble VALUES (28211, 'MASIA DE MAMPEL', 12);
INSERT INTO poble VALUES (28212, 'MASIA DE MOLLON', 12);
INSERT INTO poble VALUES (28213, 'MASIA DE MONFORT', 12);
INSERT INTO poble VALUES (28214, 'MASIA DE MONLLEO', 12);
INSERT INTO poble VALUES (28215, 'MASIA DE MONTOLIO', 12);
INSERT INTO poble VALUES (28216, 'MASIA DE NEGRE', 12);
INSERT INTO poble VALUES (28217, 'MASIA DE PAULO', 12);
INSERT INTO poble VALUES (28218, 'MASIA DE REDUELA', 12);
INSERT INTO poble VALUES (28219, 'MASIA DE ROBLASCO', 12);
INSERT INTO poble VALUES (28220, 'MASIA DE ROQUE CHIVA', 12);
INSERT INTO poble VALUES (28221, 'MASIA DE ROYO', 12);
INSERT INTO poble VALUES (28222, 'MASIA DE SALES DE MATELLA', 12);
INSERT INTO poble VALUES (28223, 'MASIA DE SALVADOR', 12);
INSERT INTO poble VALUES (28224, 'MASIA DE SAN JUAN', 12);
INSERT INTO poble VALUES (28225, 'MASIA DE SEGARRA DE ARRIBA', 12);
INSERT INTO poble VALUES (28226, 'MASIA DE SELMA', 12);
INSERT INTO poble VALUES (28227, 'MASIA DE TONI', 12);
INSERT INTO poble VALUES (28228, 'MASIA DE TRONCHO', 12);
INSERT INTO poble VALUES (28229, 'MASIA DE UOZ', 12);
INSERT INTO poble VALUES (28230, 'MASIA DE VILLALONGA', 12);
INSERT INTO poble VALUES (28231, 'MASIA DEL ANDALUZ DE ABAJO', 12);
INSERT INTO poble VALUES (28232, 'MASIA DEL ANDALUZ DE ARRIBA', 12);
INSERT INTO poble VALUES (28233, 'MASIA DEL BALE', 12);
INSERT INTO poble VALUES (28234, 'MASIA DEL HOSTAL', 12);
INSERT INTO poble VALUES (28235, 'MASIA DEL JUEZ', 46);
INSERT INTO poble VALUES (28236, 'MASIA DEL MOLAR', 12);
INSERT INTO poble VALUES (28237, 'MASIA DEL MORO', 12);
INSERT INTO poble VALUES (28238, 'MASIA DEL OLIVERAL', 46);
INSERT INTO poble VALUES (28239, 'MASIA DEL POZO', 12);
INSERT INTO poble VALUES (28240, 'MASIA DEL PRADO', 12);
INSERT INTO poble VALUES (28241, 'MASIA DEL RANO O DE IGNACIO', 12);
INSERT INTO poble VALUES (28242, 'MASIA DEL ROMEO', 12);
INSERT INTO poble VALUES (28243, 'MASIA DEL SEOR', 12);
INSERT INTO poble VALUES (28244, 'MASIA DELS FRARES', 12);
INSERT INTO poble VALUES (28245, 'MASIA DELS RACONS', 12);
INSERT INTO poble VALUES (28246, 'MASIA ENRAMONA', 12);
INSERT INTO poble VALUES (28247, 'MASIA FONT NUEVA', 12);
INSERT INTO poble VALUES (28248, 'MASIA LA TORRE', 46);
INSERT INTO poble VALUES (28249, 'MASIA MEL O PLA DE LA TORRETA', 12);
INSERT INTO poble VALUES (28250, 'MASIA MOLINET', 12);
INSERT INTO poble VALUES (28251, 'MASIA MOLINO ABAD', 12);
INSERT INTO poble VALUES (28252, 'MASIA PAREDES', 12);
INSERT INTO poble VALUES (28253, 'MASIA PATI', 12);
INSERT INTO poble VALUES (28254, 'MASIA PAVIAS', 46);
INSERT INTO poble VALUES (28255, 'MASIA PLA DE LLUCH', 12);
INSERT INTO poble VALUES (28256, 'MASIA RIO SECO', 12);
INSERT INTO poble VALUES (28257, 'MASIA TERRES BLANCHS', 12);
INSERT INTO poble VALUES (28258, 'MASIAS', 46);
INSERT INTO poble VALUES (28259, 'MASIAS BLANCAS', 12);
INSERT INTO poble VALUES (28260, 'MASIAS DE PARRELA', 12);
INSERT INTO poble VALUES (28261, 'MASIAS DEL CRISTO', 12);
INSERT INTO poble VALUES (28262, 'MASIAS DEL RIO', 12);
INSERT INTO poble VALUES (28284, 'MASOS (ELS)', 12);
INSERT INTO poble VALUES (28299, 'MASSAMAGRELL', 46);
INSERT INTO poble VALUES (28300, 'MASSANASSA', 46);
INSERT INTO poble VALUES (28314, 'MATA (LA)', 3);
INSERT INTO poble VALUES (28341, 'MATA DE MORELLA (LA)', 12);
INSERT INTO poble VALUES (28430, 'MATET', 12);
INSERT INTO poble VALUES (28601, 'MEANES', 12);
INSERT INTO poble VALUES (28649, 'MEDIA LEGUA', 3);
INSERT INTO poble VALUES (28686, 'MEDITERRANEO ALMADRABA', 3);
INSERT INTO poble VALUES (28827, 'MELIANA', 46);
INSERT INTO poble VALUES (29141, 'MEZQUITAS (LAS)', 3);
INSERT INTO poble VALUES (29142, 'MEZQUITAS (LAS)', 12);
INSERT INTO poble VALUES (29149, 'MIANA', 3);
INSERT INTO poble VALUES (29235, 'MIL PALMERAS (LAS)', 3);
INSERT INTO poble VALUES (29276, 'MILLARES', 46);
INSERT INTO poble VALUES (29292, 'MILLENA', 3);
INSERT INTO poble VALUES (29369, 'MIRAFLOR', 3);
INSERT INTO poble VALUES (29380, 'MIRALCAMP', 12);
INSERT INTO poble VALUES (29395, 'MIRAMAR', 46);
INSERT INTO poble VALUES (29424, 'MIRARROSA', 3);
INSERT INTO poble VALUES (29426, 'MIRAS (LOS)', 3);
INSERT INTO poble VALUES (29428, 'MIRASOLES-LOMA SANTA', 46);
INSERT INTO poble VALUES (29458, 'MISLATA', 46);
INSERT INTO poble VALUES (29460, 'MITJANS', 3);
INSERT INTO poble VALUES (29547, 'MOGENTE', 46);
INSERT INTO poble VALUES (29593, 'MOJON (EL)', 3);
INSERT INTO poble VALUES (29597, 'MOJON BLANCO', 46);
INSERT INTO poble VALUES (29633, 'MOLI AZOR', 12);
INSERT INTO poble VALUES (29638, 'MOLI FOC', 3);
INSERT INTO poble VALUES (29639, 'MOLI NOU', 3);
INSERT INTO poble VALUES (29640, 'MOLI NOU', 12);
INSERT INTO poble VALUES (29657, 'MOLINAR (EL)', 12);
INSERT INTO poble VALUES (29661, 'MOLINELL', 12);
INSERT INTO poble VALUES (29662, 'MOLINELL', 46);
INSERT INTO poble VALUES (29666, 'MOLINET', 12);
INSERT INTO poble VALUES (29687, 'MOLINO DE LA CIUDAD', 3);
INSERT INTO poble VALUES (29735, 'MOLINS', 3);
INSERT INTO poble VALUES (29737, 'MOLL', 12);
INSERT INTO poble VALUES (29791, 'MONASTERIOS (LOS)', 46);
INSERT INTO poble VALUES (29793, 'MONCADA', 46);
INSERT INTO poble VALUES (29800, 'MONCAYO (EL)', 3);
INSERT INTO poble VALUES (29805, 'MONCOFAR', 12);
INSERT INTO poble VALUES (29870, 'MONFORTE DEL CID', 3);
INSERT INTO poble VALUES (29884, 'MONJAS (LAS)', 46);
INSERT INTO poble VALUES (29890, 'MONLLAT', 12);
INSERT INTO poble VALUES (29892, 'MONNEGRE', 3);
INSERT INTO poble VALUES (29894, 'MONOVAR', 3);
INSERT INTO poble VALUES (29908, 'MONSERRAT', 46);
INSERT INTO poble VALUES (29914, 'MONT-BLAU', 46);
INSERT INTO poble VALUES (29932, 'MONTAA (LA)', 46);
INSERT INTO poble VALUES (29947, 'MONTAQETA DE LA FONT', 46);
INSERT INTO poble VALUES (29952, 'MONTABERNER', 46);
INSERT INTO poble VALUES (29957, 'MONTAHUD', 3);
INSERT INTO poble VALUES (29958, 'MONTALBA', 12);
INSERT INTO poble VALUES (29977, 'MONTAN', 12);
INSERT INTO poble VALUES (29983, 'MONTANEJOS', 12);
INSERT INTO poble VALUES (29986, 'MONTANYETA DEL SANTS', 46);
INSERT INTO poble VALUES (30031, 'MONTE ALCEDO', 46);
INSERT INTO poble VALUES (30036, 'MONTE BLANCO', 12);
INSERT INTO poble VALUES (30037, 'MONTE CABRERA', 46);
INSERT INTO poble VALUES (30068, 'MONTE JUCAR', 46);
INSERT INTO poble VALUES (30080, 'MONTE REAL', 46);
INSERT INTO poble VALUES (30081, 'MONTE REY', 46);
INSERT INTO poble VALUES (30083, 'MONTE ROSADO', 46);
INSERT INTO poble VALUES (30087, 'MONTE TESORO', 46);
INSERT INTO poble VALUES (30090, 'MONTE VEDAT', 46);
INSERT INTO poble VALUES (30091, 'MONTE VERNISA', 46);
INSERT INTO poble VALUES (30137, 'MONTECRISTINA', 12);
INSERT INTO poble VALUES (30202, 'MONTEMOLINO', 12);
INSERT INTO poble VALUES (30214, 'MONTEPINAR', 3);
INSERT INTO poble VALUES (30221, 'MONTEROS (LOS)', 3);
INSERT INTO poble VALUES (30255, 'MONTESA', 46);
INSERT INTO poble VALUES (30270, 'MONTESINOS (LOS)', 3);
INSERT INTO poble VALUES (30271, 'MONTESOL', 3);
INSERT INTO poble VALUES (30279, 'MONTEZANIA', 3);
INSERT INTO poble VALUES (30293, 'MONTGO-TOSCAMAR', 3);
INSERT INTO poble VALUES (30300, 'MONTIBOLI', 3);
INSERT INTO poble VALUES (30303, 'MONTICHELVO', 46);
INSERT INTO poble VALUES (30349, 'MONTORNES', 12);
INSERT INTO poble VALUES (30358, 'MONTORTAL', 46);
INSERT INTO poble VALUES (30381, 'MONTROY', 46);
INSERT INTO poble VALUES (30398, 'MONZONA (LA)', 12);
INSERT INTO poble VALUES (30478, 'MORALET', 3);
INSERT INTO poble VALUES (30511, 'MORAVIT', 3);
INSERT INTO poble VALUES (30572, 'MORELLA', 12);
INSERT INTO poble VALUES (30573, 'MORELLA LA VELLA', 12);
INSERT INTO poble VALUES (30657, 'MORQUI (EL)', 46);
INSERT INTO poble VALUES (30668, 'MORRON (EL)', 3);
INSERT INTO poble VALUES (30722, 'MOSQUERES (LES)', 12);
INSERT INTO poble VALUES (30768, 'MOTILLA', 46);
INSERT INTO poble VALUES (30949, 'MUCHAMIEL', 3);
INSERT INTO poble VALUES (30955, 'MUDAMIENTO (EL)', 3);
INSERT INTO poble VALUES (30976, 'MUELA DE ENMEDIO', 46);
INSERT INTO poble VALUES (41594, 'ROTES (LES)', 3);
INSERT INTO poble VALUES (41595, 'ROTGLA Y CORBERA', 46);
INSERT INTO poble VALUES (41596, 'ROTOVA', 46);
INSERT INTO poble VALUES (41863, 'RUGAT', 46);
INSERT INTO poble VALUES (41869, 'RUICES (LOS)', 46);
INSERT INTO poble VALUES (41967, 'SABATERA (LA)', 3);
INSERT INTO poble VALUES (42029, 'SACAQET', 12);
INSERT INTO poble VALUES (42074, 'SAEZ (LOS)', 3);
INSERT INTO poble VALUES (42087, 'SAGRA', 3);
INSERT INTO poble VALUES (42099, 'SAGUNTO', 46);
INSERT INTO poble VALUES (42121, 'SALA', 12);
INSERT INTO poble VALUES (42130, 'SALADAR (EL)', 3);
INSERT INTO poble VALUES (42138, 'SALAFRANCA', 3);
INSERT INTO poble VALUES (42144, 'SALAR (EL)', 3);
INSERT INTO poble VALUES (42215, 'SALEM', 46);
INSERT INTO poble VALUES (42217, 'SALER (EL)', 46);
INSERT INTO poble VALUES (42272, 'SALINAS', 3);
INSERT INTO poble VALUES (42338, 'SALSADELLA', 12);
INSERT INTO poble VALUES (42340, 'SALSE (EL)', 3);
INSERT INTO poble VALUES (42341, 'SALT', 3);
INSERT INTO poble VALUES (42362, 'SALTO DE COFRENTES', 46);
INSERT INTO poble VALUES (42364, 'SALTO DE MILLARES', 46);
INSERT INTO poble VALUES (42386, 'SALVADOR (EL)', 12);
INSERT INTO poble VALUES (42539, 'SAN ANTON', 3);
INSERT INTO poble VALUES (42551, 'SAN ANTONIO', 3);
INSERT INTO poble VALUES (42563, 'SAN ANTONIO', 46);
INSERT INTO poble VALUES (42566, 'SAN ANTONIO DE BENAGEBER', 46);
INSERT INTO poble VALUES (42576, 'SAN BARTOLOME', 3);
INSERT INTO poble VALUES (42611, 'SAN BENITO', 46);
INSERT INTO poble VALUES (42616, 'SAN BERNABE', 3);
INSERT INTO poble VALUES (42622, 'SAN BERNARDO', 46);
INSERT INTO poble VALUES (42637, 'SAN CARLOS', 3);
INSERT INTO poble VALUES (42651, 'SAN CHILS', 12);
INSERT INTO poble VALUES (42705, 'SAN CRISTOBAL', 46);
INSERT INTO poble VALUES (42792, 'SAN FELIPE NERI', 3);
INSERT INTO poble VALUES (42818, 'SAN FRANCESCH', 12);
INSERT INTO poble VALUES (42823, 'SAN FRANCISCO', 46);
INSERT INTO poble VALUES (42832, 'SAN FULGENCIO', 3);
INSERT INTO poble VALUES (42861, 'SAN ISIDRO DE ALBATERA', 3);
INSERT INTO poble VALUES (42862, 'SAN ISIDRO DE BENAGEBER', 46);
INSERT INTO poble VALUES (42875, 'SAN JORGE', 12);
INSERT INTO poble VALUES (42879, 'SAN JOSE', 3);
INSERT INTO poble VALUES (42890, 'SAN JOSE ARTESANO', 46);
INSERT INTO poble VALUES (42913, 'SAN JUAN', 46);
INSERT INTO poble VALUES (42919, 'SAN JUAN DE ALICANTE', 3);
INSERT INTO poble VALUES (42925, 'SAN JUAN DE ENOVA', 46);
INSERT INTO poble VALUES (42932, 'SAN JUAN DE MORO', 12);
INSERT INTO poble VALUES (42940, 'SAN JUAN DE PEAGOLOSA', 12);
INSERT INTO poble VALUES (43019, 'SAN LUIS', 46);
INSERT INTO poble VALUES (43171, 'SAN MATEO', 12);
INSERT INTO poble VALUES (43223, 'SAN MIGUEL DE SALINAS', 3);
INSERT INTO poble VALUES (43256, 'SAN PABLO', 12);
INSERT INTO poble VALUES (43275, 'SAN PEDRO', 3);
INSERT INTO poble VALUES (43277, 'SAN PEDRO', 12);
INSERT INTO poble VALUES (43380, 'SAN RAFAEL DEL RIO', 12);
INSERT INTO poble VALUES (43384, 'SAN RAMON', 46);
INSERT INTO poble VALUES (43420, 'SAN ROQUE', 3);
INSERT INTO poble VALUES (43431, 'SAN ROQUE', 46);
INSERT INTO poble VALUES (43492, 'SAN VICENTE', 12);
INSERT INTO poble VALUES (43523, 'SAN VICENTE DEL RASPEIG', 3);
INSERT INTO poble VALUES (43618, 'SANCTI SPIRITU', 46);
INSERT INTO poble VALUES (43658, 'SANET Y NEGRALS', 3);
INSERT INTO poble VALUES (43821, 'SANT JOAN', 3);
INSERT INTO poble VALUES (44014, 'SANTA ANA', 46);
INSERT INTO poble VALUES (44055, 'SANTA CLARA', 3);
INSERT INTO poble VALUES (44161, 'SANTA ELENA', 12);
INSERT INTO poble VALUES (44192, 'SANTA EULALIA', 3);
INSERT INTO poble VALUES (2, ' SAN JOSE', 46);
INSERT INTO poble VALUES (34, 'ABAD', 12);
INSERT INTO poble VALUES (97, 'ABDET', 3);
INSERT INTO poble VALUES (460, 'ADEMUZ', 46);
INSERT INTO poble VALUES (470, 'ADOR', 46);
INSERT INTO poble VALUES (495, 'ADSUBIA', 3);
INSERT INTO poble VALUES (498, 'ADUANAS', 3);
INSERT INTO poble VALUES (501, 'ADZANETA', 12);
INSERT INTO poble VALUES (502, 'ADZANETA DE ALBAIDA', 46);
INSERT INTO poble VALUES (543, 'AGOST', 3);
INSERT INTO poble VALUES (581, 'AGRES', 3);
INSERT INTO poble VALUES (669, 'AGUAS BLANCAS', 12);
INSERT INTO poble VALUES (671, 'AGUAS DE BUSOT', 3);
INSERT INTO poble VALUES (786, 'AGULLENT', 46);
INSERT INTO poble VALUES (802, 'AHILLAS', 46);
INSERT INTO poble VALUES (804, 'AHIN', 12);
INSERT INTO poble VALUES (893, 'ALABASTRO (EL)', 3);
INSERT INTO poble VALUES (953, 'ALAQUAS', 46);
INSERT INTO poble VALUES (987, 'ALBACHES (ELS)', 12);
INSERT INTO poble VALUES (988, 'ALBADAS (EL)', 12);
INSERT INTO poble VALUES (992, 'ALBAIDA', 46);
INSERT INTO poble VALUES (996, 'ALBAL', 46);
INSERT INTO poble VALUES (1002, 'ALBALAT DE LA RIBERA', 46);
INSERT INTO poble VALUES (1003, 'ALBALAT DE TARONCHERS', 46);
INSERT INTO poble VALUES (1004, 'ALBALAT DELS SORELLS', 46);
INSERT INTO poble VALUES (1066, 'ALBATERA', 3);
INSERT INTO poble VALUES (1103, 'ALBERIQUE', 46);
INSERT INTO poble VALUES (1126, 'ALBIR', 3);
INSERT INTO poble VALUES (1135, 'ALBOCACER', 12);
INSERT INTO poble VALUES (1141, 'ALBORACHE', 46);
INSERT INTO poble VALUES (1142, 'ALBORADA', 3);
INSERT INTO poble VALUES (1143, 'ALBORAYA', 46);
INSERT INTO poble VALUES (1147, 'ALBOREDAS (LAS)', 12);
INSERT INTO poble VALUES (1162, 'ALBOY', 46);
INSERT INTO poble VALUES (1172, 'ALBUFERETA', 3);
INSERT INTO poble VALUES (1173, 'ALBUIXECH', 46);
INSERT INTO poble VALUES (1184, 'ALCACER', 46);
INSERT INTO poble VALUES (1193, 'ALCALA DE CHIVERT', 12);
INSERT INTO poble VALUES (1198, 'ALCALA DE LA JOVADA', 3);
INSERT INTO poble VALUES (1209, 'ALCALALI', 3);
INSERT INTO poble VALUES (1222, 'ALCANTERA DE XUQUER', 46);
INSERT INTO poble VALUES (1227, 'ALCASAR', 3);
INSERT INTO poble VALUES (1261, 'ALCOCEBER', 12);
INSERT INTO poble VALUES (1263, 'ALCOCER DE PLANES', 3);
INSERT INTO poble VALUES (1274, 'ALCOLECHA', 3);
INSERT INTO poble VALUES (1289, 'ALCORA', 12);
INSERT INTO poble VALUES (1290, 'ALCORAYA (LA)', 3);
INSERT INTO poble VALUES (1311, 'ALCOY', 3);
INSERT INTO poble VALUES (1326, 'ALCUBLAS', 46);
INSERT INTO poble VALUES (1327, 'ALCUDIA', 3);
INSERT INTO poble VALUES (1329, 'ALCUDIA (L'')', 46);
INSERT INTO poble VALUES (1330, 'ALCUDIA DE CRESPINS (L'')', 46);
INSERT INTO poble VALUES (1334, 'ALCUDIA DE VEO', 12);
INSERT INTO poble VALUES (1354, 'ALDAYA', 46);
INSERT INTO poble VALUES (1577, 'ALFAFAR', 46);
INSERT INTO poble VALUES (1578, 'ALFAFARA', 3);
INSERT INTO poble VALUES (1580, 'ALFAHUIR', 46);
INSERT INTO poble VALUES (1589, 'ALFARA DE ALGIMIA', 46);
INSERT INTO poble VALUES (1591, 'ALFARA DEL PATRIARCA', 46);
INSERT INTO poble VALUES (1599, 'ALFARP', 46);
INSERT INTO poble VALUES (1601, 'ALFARRASI', 46);
INSERT INTO poble VALUES (1603, 'ALFAZ DEL PI', 3);
INSERT INTO poble VALUES (1610, 'ALFINACH', 46);
INSERT INTO poble VALUES (1612, 'ALFONDEGUILLA', 12);
INSERT INTO poble VALUES (1634, 'ALGA (EL)', 12);
INSERT INTO poble VALUES (1651, 'ALGAR (EL)', 3);
INSERT INTO poble VALUES (1655, 'ALGAR DE PALANCIA', 46);
INSERT INTO poble VALUES (1656, 'ALGAR DE PALENCIA', 46);
INSERT INTO poble VALUES (1671, 'ALGARS', 3);
INSERT INTO poble VALUES (1676, 'ALGEMESI', 46);
INSERT INTO poble VALUES (1680, 'ALGIMIA DE ALFARA', 46);
INSERT INTO poble VALUES (1681, 'ALGIMIA DE ALMONACID', 12);
INSERT INTO poble VALUES (1682, 'ALGINET', 46);
INSERT INTO poble VALUES (1683, 'ALGODA-MATOLA', 3);
INSERT INTO poble VALUES (1688, 'ALGORFA', 3);
INSERT INTO poble VALUES (1689, 'ALGOROS', 3);
INSERT INTO poble VALUES (1694, 'ALGUEA', 3);
INSERT INTO poble VALUES (1699, 'ALHAMA', 3);
INSERT INTO poble VALUES (1721, 'ALICANTE', 3);
INSERT INTO poble VALUES (1818, 'ALMAFRA', 3);
INSERT INTO poble VALUES (1822, 'ALMAJADA (LA)', 3);
INSERT INTO poble VALUES (1841, 'ALMARDA', 46);
INSERT INTO poble VALUES (1846, 'ALMASSERA', 46);
INSERT INTO poble VALUES (1855, 'ALMAZORA', 12);
INSERT INTO poble VALUES (1859, 'ALMEDIJAR', 12);
INSERT INTO poble VALUES (1867, 'ALMENARA', 12);
INSERT INTO poble VALUES (1892, 'ALMEZA (LA)', 46);
INSERT INTO poble VALUES (1898, 'ALMISERAT', 46);
INSERT INTO poble VALUES (1913, 'ALMOINES', 46);
INSERT INTO poble VALUES (1925, 'ALMORADI', 3);
INSERT INTO poble VALUES (1938, 'ALMUDAINA', 3);
INSERT INTO poble VALUES (1952, 'ALMUSSAFES', 46);
INSERT INTO poble VALUES (1984, 'ALPATRO', 3);
INSERT INTO poble VALUES (1996, 'ALPUENTE', 46);
INSERT INTO poble VALUES (2003, 'ALQUERIA (LA)', 12);
INSERT INTO poble VALUES (2008, 'ALQUERIA DE AZNAR', 3);
INSERT INTO poble VALUES (2009, 'ALQUERIA DE LA CONDESA', 46);
INSERT INTO poble VALUES (2011, 'ALQUERIA JORDA', 3);
INSERT INTO poble VALUES (2014, 'ALQUERIAS DEL NIO PERDIDO', 12);
INSERT INTO poble VALUES (2015, 'ALQUERIAS SANTA BARBARA', 12);
INSERT INTO poble VALUES (2016, 'ALQUERIAS VALENCIA', 12);
INSERT INTO poble VALUES (2018, 'ALQUERIES DE BENIFLORET', 3);
INSERT INTO poble VALUES (2034, 'ALTABIX', 3);
INSERT INTO poble VALUES (2038, 'ALTAMIRA', 3);
INSERT INTO poble VALUES (2047, 'ALTEA', 3);
INSERT INTO poble VALUES (2048, 'ALTEA LA VIEJA', 3);
INSERT INTO poble VALUES (2049, 'ALTER (L'')', 46);
INSERT INTO poble VALUES (2050, 'ALTERO DE MOMPOY', 46);
INSERT INTO poble VALUES (2053, 'ALTET (EL)', 3);
INSERT INTO poble VALUES (2098, 'ALTURA', 12);
INSERT INTO poble VALUES (2100, 'ALTURY', 46);
INSERT INTO poble VALUES (2147, 'ALZIRA', 46);
INSERT INTO poble VALUES (2326, 'AMPLARIES (LES)', 12);
INSERT INTO poble VALUES (2346, 'ANAHUIR', 46);
INSERT INTO poble VALUES (2411, 'ANDILLA', 46);
INSERT INTO poble VALUES (2539, 'ANNA', 46);
INSERT INTO poble VALUES (2549, 'ANROIG', 12);
INSERT INTO poble VALUES (2593, 'ANTELLA', 46);
INSERT INTO poble VALUES (2664, 'APARECIDA (LA)', 3);
INSERT INTO poble VALUES (2676, 'APEADERO', 12);
INSERT INTO poble VALUES (2678, 'APEADERO DE BECHI', 12);
INSERT INTO poble VALUES (2705, 'ARAQUEL', 12);
INSERT INTO poble VALUES (2801, 'ARAS DE ALPUENTE', 46);
INSERT INTO poble VALUES (2814, 'ARAYA', 12);
INSERT INTO poble VALUES (3054, 'ARENAL', 3);
INSERT INTO poble VALUES (3059, 'ARENAL (EL)', 3);
INSERT INTO poble VALUES (3074, 'ARENALES DEL SOL (LOS)', 3);
INSERT INTO poble VALUES (3132, 'ARES DEL MAESTRE', 12);
INSERT INTO poble VALUES (3188, 'ARGELITA', 12);
INSERT INTO poble VALUES (3405, 'ARNELLA (LA)', 3);
INSERT INTO poble VALUES (3409, 'ARNEVA', 3);
INSERT INTO poble VALUES (3603, 'ARROYO CEREZO', 46);
INSERT INTO poble VALUES (3674, 'ARSENAL-TRENCACAPS', 3);
INSERT INTO poble VALUES (3681, 'ARTAJ', 46);
INSERT INTO poble VALUES (3684, 'ARTANA', 12);
INSERT INTO poble VALUES (3701, 'ARTEAS DE ABAJO', 12);
INSERT INTO poble VALUES (3702, 'ARTEAS DE ARRIBA', 12);
INSERT INTO poble VALUES (3709, 'ARTEJUELA (LA)', 12);
INSERT INTO poble VALUES (3715, 'ARTESA', 12);
INSERT INTO poble VALUES (3718, 'ARTESAS (LAS)', 12);
INSERT INTO poble VALUES (3846, 'ASPE', 3);
INSERT INTO poble VALUES (3864, 'ASPRELLA', 3);
INSERT INTO poble VALUES (3981, 'ATSAVARES', 3);
INSERT INTO poble VALUES (4025, 'AUSIAS MARCH', 46);
INSERT INTO poble VALUES (4047, 'AVELLA (LA)', 12);
INSERT INTO poble VALUES (4107, 'AYACOR', 46);
INSERT INTO poble VALUES (4119, 'AYELO DE MALFERIT', 46);
INSERT INTO poble VALUES (4120, 'AYELO DE RUGAT', 46);
INSERT INTO poble VALUES (4131, 'AYODAR', 12);
INSERT INTO poble VALUES (4136, 'AYORA', 46);
INSERT INTO poble VALUES (4148, 'AZAGADOR (EL)', 46);
INSERT INTO poble VALUES (4205, 'AZUEBAR', 12);
INSERT INTO poble VALUES (4229, 'BAQERES', 3);
INSERT INTO poble VALUES (4291, 'BACAROT (EL)', 3);
INSERT INTO poble VALUES (4322, 'BADEN (EL)', 3);
INSERT INTO poble VALUES (4368, 'BAHIA DE JAVEA', 3);
INSERT INTO poble VALUES (4433, 'BALADRE (EL)', 46);
INSERT INTO poble VALUES (4471, 'BALCO (EL)', 12);
INSERT INTO poble VALUES (4472, 'BALCON AL MAR', 3);
INSERT INTO poble VALUES (4476, 'BALCONES (LOS)', 3);
INSERT INTO poble VALUES (4497, 'BALDOVAR', 46);
INSERT INTO poble VALUES (4531, 'BALLESTAR', 12);
INSERT INTO poble VALUES (4532, 'BALLESTERA', 3);
INSERT INTO poble VALUES (4550, 'BALNEARIO', 12);
INSERT INTO poble VALUES (4551, 'BALNEARIO DE FUENCALIENTE', 46);
INSERT INTO poble VALUES (4560, 'BALONES', 3);
INSERT INTO poble VALUES (4623, 'BANCAL ROIG (EL)', 12);
INSERT INTO poble VALUES (4703, 'BARADELLO-SARGENTO', 3);
INSERT INTO poble VALUES (4771, 'BARBARROJA', 3);
INSERT INTO poble VALUES (4996, 'BARO (EL)', 46);
INSERT INTO poble VALUES (5000, 'BARONA (LA)', 12);
INSERT INTO poble VALUES (5003, 'BARONIA', 12);
INSERT INTO poble VALUES (5046, 'BARRACA D''AIGUES VIVES (LA)', 46);
INSERT INTO poble VALUES (5048, 'BARRACA DE AGUAS VIVAS', 46);
INSERT INTO poble VALUES (5049, 'BARRACAS', 12);
INSERT INTO poble VALUES (5107, 'BARRANCO HONDO', 3);
INSERT INTO poble VALUES (5122, 'BARRANQUET', 12);
INSERT INTO poble VALUES (5130, 'BARRAQUES (LES)', 46);
INSERT INTO poble VALUES (5261, 'BARRIETE (EL)', 46);
INSERT INTO poble VALUES (5284, 'BARRIO ARROYO', 46);
INSERT INTO poble VALUES (5286, 'BARRIO CARRETERA', 3);
INSERT INTO poble VALUES (5287, 'BARRIO CARRETERA H.', 3);
INSERT INTO poble VALUES (5312, 'BARRIO DE LA LUZ', 46);
INSERT INTO poble VALUES (5322, 'BARRIO DE LOS DOLORES', 3);
INSERT INTO poble VALUES (5323, 'BARRIO DE LOS DOLORES', 46);
INSERT INTO poble VALUES (5334, 'BARRIO DE SAN CASIMIRO', 46);
INSERT INTO poble VALUES (5340, 'BARRIO DE VILLARIEZO', 46);
INSERT INTO poble VALUES (5346, 'BARRIO DEL PILAR', 46);
INSERT INTO poble VALUES (5358, 'BARRIO LOS SEGUNDAS', 3);
INSERT INTO poble VALUES (5359, 'BARRIO MARIANO CASES', 3);
INSERT INTO poble VALUES (5360, 'BARRIO MORRONGO', 3);
INSERT INTO poble VALUES (5363, 'BARRIO NUEVO', 3);
INSERT INTO poble VALUES (5369, 'BARRIO ORBA', 46);
INSERT INTO poble VALUES (5370, 'BARRIO PEA MOSEN', 46);
INSERT INTO poble VALUES (5374, 'BARRIO ROCA', 46);
INSERT INTO poble VALUES (5380, 'BARRIO SINDICAL', 3);
INSERT INTO poble VALUES (5383, 'BARRIO-CUIPER', 46);
INSERT INTO poble VALUES (5384, 'BARRIO-MAR', 12);
INSERT INTO poble VALUES (5458, 'BARX', 46);
INSERT INTO poble VALUES (5475, 'BARXETA', 46);
INSERT INTO poble VALUES (5487, 'BASA ENSAERA', 12);
INSERT INTO poble VALUES (5488, 'BASA POVILS (LA)', 12);
INSERT INTO poble VALUES (5495, 'BASANOVA (LA)', 12);
INSERT INTO poble VALUES (5532, 'BASETA (LA)', 12);
INSERT INTO poble VALUES (5634, 'BAYAS (LAS)', 3);
INSERT INTO poble VALUES (5755, 'BEGA DE MAR', 46);
INSERT INTO poble VALUES (5795, 'BEJIS', 12);
INSERT INTO poble VALUES (5797, 'BEL', 12);
INSERT INTO poble VALUES (5849, 'BELGIDA', 46);
INSERT INTO poble VALUES (5864, 'BELLAVISTA', 3);
INSERT INTO poble VALUES (5898, 'BELLREGUART', 46);
INSERT INTO poble VALUES (5900, 'BELLUS', 46);
INSERT INTO poble VALUES (5973, 'BEN-AFELI', 12);
INSERT INTO poble VALUES (5978, 'BENACHERA', 12);
INSERT INTO poble VALUES (5984, 'BENAFER', 12);
INSERT INTO poble VALUES (5985, 'BENAFIGOS', 12);
INSERT INTO poble VALUES (5987, 'BENAGEBER', 46);
INSERT INTO poble VALUES (5988, 'BENAGUACIL', 46);
INSERT INTO poble VALUES (5999, 'BENAMAR', 3);
INSERT INTO poble VALUES (6014, 'BENASAL', 12);
INSERT INTO poble VALUES (6015, 'BENASAU', 3);
INSERT INTO poble VALUES (6027, 'BENAVITES', 46);
INSERT INTO poble VALUES (6047, 'BENEGIDA', 46);
INSERT INTO poble VALUES (6050, 'BENEJAMA', 3);
INSERT INTO poble VALUES (6052, 'BENEJUZAR', 3);
INSERT INTO poble VALUES (6055, 'BENETUSSER', 46);
INSERT INTO poble VALUES (6056, 'BENFERRI', 3);
INSERT INTO poble VALUES (6061, 'BENIALFAQUI', 3);
INSERT INTO poble VALUES (6062, 'BENIALI', 3);
INSERT INTO poble VALUES (6064, 'BENIARBEIG', 3);
INSERT INTO poble VALUES (6065, 'BENIARDA', 3);
INSERT INTO poble VALUES (6066, 'BENIARJO', 46);
INSERT INTO poble VALUES (6067, 'BENIARRES', 3);
INSERT INTO poble VALUES (6068, 'BENIATJAR', 46);
INSERT INTO poble VALUES (6069, 'BENIAYA', 3);
INSERT INTO poble VALUES (6071, 'BENICARLO', 12);
INSERT INTO poble VALUES (6072, 'BENICASIM', 12);
INSERT INTO poble VALUES (6073, 'BENICHEMBLA', 3);
INSERT INTO poble VALUES (6074, 'BENICOLET', 46);
INSERT INTO poble VALUES (6075, 'BENICULL', 46);
INSERT INTO poble VALUES (6076, 'BENIDOLEIG', 3);
INSERT INTO poble VALUES (6077, 'BENIDORM', 3);
INSERT INTO poble VALUES (6079, 'BENIFAIO', 46);
INSERT INTO poble VALUES (6080, 'BENIFAIRO DE LES VALLS', 46);
INSERT INTO poble VALUES (6081, 'BENIFAIRO DE VALLDIGNA', 46);
INSERT INTO poble VALUES (6083, 'BENIFALLIM', 3);
INSERT INTO poble VALUES (6084, 'BENIFARAIG', 46);
INSERT INTO poble VALUES (6085, 'BENIFATO', 3);
INSERT INTO poble VALUES (6086, 'BENIFLA', 46);
INSERT INTO poble VALUES (6088, 'BENIGANIM', 46);
INSERT INTO poble VALUES (6089, 'BENIJOFAR', 3);
INSERT INTO poble VALUES (6091, 'BENILLOBA', 3);
INSERT INTO poble VALUES (6092, 'BENILLUP', 3);
INSERT INTO poble VALUES (6093, 'BENIMAMET-BENIFERRI', 46);
INSERT INTO poble VALUES (6094, 'BENIMANTELL', 3);
INSERT INTO poble VALUES (6095, 'BENIMARFULL', 3);
INSERT INTO poble VALUES (6096, 'BENIMASOT', 3);
INSERT INTO poble VALUES (6097, 'BENIMAURELL', 3);
INSERT INTO poble VALUES (6098, 'BENIMEIT', 3);
INSERT INTO poble VALUES (6099, 'BENIMELI', 3);
INSERT INTO poble VALUES (6100, 'BENIMODO', 46);
INSERT INTO poble VALUES (6101, 'BENIMUSLEM', 46);
INSERT INTO poble VALUES (6102, 'BENIPARRELL', 12);
INSERT INTO poble VALUES (6103, 'BENIPARRELL', 46);
INSERT INTO poble VALUES (6104, 'BENIRRAMA', 3);
INSERT INTO poble VALUES (6105, 'BENIRREDRA', 46);
INSERT INTO poble VALUES (6106, 'BENISANO', 46);
INSERT INTO poble VALUES (6107, 'BENISODA', 46);
INSERT INTO poble VALUES (6108, 'BENISSA', 3);
INSERT INTO poble VALUES (6110, 'BENISSILI', 3);
INSERT INTO poble VALUES (6111, 'BENISSIVA', 3);
INSERT INTO poble VALUES (6112, 'BENISUERA', 46);
INSERT INTO poble VALUES (6114, 'BENITACHELL', 3);
INSERT INTO poble VALUES (6116, 'BENITAIA', 3);
INSERT INTO poble VALUES (6117, 'BENITANDUS', 12);
INSERT INTO poble VALUES (6125, 'BENLLOCH', 12);
INSERT INTO poble VALUES (6227, 'BERFULL', 46);
INSERT INTO poble VALUES (6314, 'BEROLA DE GRAU', 12);
INSERT INTO poble VALUES (6423, 'BESELGA', 46);
INSERT INTO poble VALUES (6431, 'BESPA (LA)', 12);
INSERT INTO poble VALUES (6459, 'BETERA', 46);
INSERT INTO poble VALUES (6475, 'BETXI', 12);
INSERT INTO poble VALUES (31086, 'MURADA (LA)', 3);
INSERT INTO poble VALUES (31158, 'MURLA', 3);
INSERT INTO poble VALUES (31166, 'MURO DEL ALCOY', 3);
INSERT INTO poble VALUES (31182, 'MURTAL (EL)', 46);
INSERT INTO poble VALUES (31201, 'MUSEROS', 46);
INSERT INTO poble VALUES (31284, 'NAQUERA', 46);
INSERT INTO poble VALUES (31388, 'NAVAJAS', 12);
INSERT INTO poble VALUES (31441, 'NAVALON', 46);
INSERT INTO poble VALUES (31485, 'NAVARRES', 46);
INSERT INTO poble VALUES (31616, 'NEGRON', 46);
INSERT INTO poble VALUES (31890, 'NOGUERAS (LAS)', 46);
INSERT INTO poble VALUES (31930, 'NORIAS (LAS)', 3);
INSERT INTO poble VALUES (31954, 'NOVA VALLVERDA', 3);
INSERT INTO poble VALUES (31969, 'NOVALICHES', 12);
INSERT INTO poble VALUES (31980, 'NOVELDA', 3);
INSERT INTO poble VALUES (31982, 'NOVELE', 46);
INSERT INTO poble VALUES (32011, 'NTRA SRA DE LA ASUNCION', 46);
INSERT INTO poble VALUES (32021, 'NUCIA (LA)', 3);
INSERT INTO poble VALUES (32024, 'NUCLEO', 3);
INSERT INTO poble VALUES (32047, 'NUCLEO', 46);
INSERT INTO poble VALUES (32093, 'NULES', 12);
INSERT INTO poble VALUES (32101, 'NURTAL-CDA. FARANDOLA', 46);
INSERT INTO poble VALUES (32133, 'OBISPO HERNANDEZ O ERAS', 46);
INSERT INTO poble VALUES (32146, 'OBRERA (L'')', 3);
INSERT INTO poble VALUES (32170, 'OCHANDOS (LOS)', 46);
INSERT INTO poble VALUES (32316, 'OLIVA', 46);
INSERT INTO poble VALUES (32359, 'OLLA (LA)', 3);
INSERT INTO poble VALUES (32371, 'OLLERIA (L'')', 46);
INSERT INTO poble VALUES (32428, 'OLOCAU', 46);
INSERT INTO poble VALUES (32429, 'OLOCAU DEL REY', 12);
INSERT INTO poble VALUES (32473, 'OMET', 46);
INSERT INTO poble VALUES (32481, 'ONDA', 12);
INSERT INTO poble VALUES (32483, 'ONDARA', 3);
INSERT INTO poble VALUES (32494, 'ONIL', 3);
INSERT INTO poble VALUES (32510, 'ONTINYENT', 46);
INSERT INTO poble VALUES (32530, 'ORBA', 3);
INSERT INTO poble VALUES (32548, 'ORBETA', 3);
INSERT INTO poble VALUES (32557, 'ORCHETA', 3);
INSERT INTO poble VALUES (32635, 'ORIHUELA', 3);
INSERT INTO poble VALUES (32650, 'ORITO', 3);
INSERT INTO poble VALUES (32667, 'ORO (EL)', 46);
INSERT INTO poble VALUES (32680, 'OROPESA', 12);
INSERT INTO poble VALUES (32733, 'ORTELLS', 12);
INSERT INTO poble VALUES (32806, 'OSET', 46);
INSERT INTO poble VALUES (32889, 'OTONEL', 46);
INSERT INTO poble VALUES (32893, 'OTOS', 46);
INSERT INTO poble VALUES (33246, 'PAIPORTA', 46);
INSERT INTO poble VALUES (33248, 'PAITXI', 3);
INSERT INTO poble VALUES (33266, 'PAJARES (LOS)', 46);
INSERT INTO poble VALUES (33309, 'PALACIOS (LOS)', 3);
INSERT INTO poble VALUES (33349, 'PALANQUES', 12);
INSERT INTO poble VALUES (33355, 'PALASIET (EL)', 12);
INSERT INTO poble VALUES (33444, 'PALMA DE GANDIA', 46);
INSERT INTO poble VALUES (33455, 'PALMAR (EL)', 46);
INSERT INTO poble VALUES (33464, 'PALMAS (LAS)', 12);
INSERT INTO poble VALUES (33476, 'PALMERA', 46);
INSERT INTO poble VALUES (33478, 'PALMERAL', 3);
INSERT INTO poble VALUES (33480, 'PALMERES (LES)', 46);
INSERT INTO poble VALUES (33510, 'PALOMAR', 46);
INSERT INTO poble VALUES (33547, 'PAMIS', 3);
INSERT INTO poble VALUES (33629, 'PANORAMA,I (EL)', 46);
INSERT INTO poble VALUES (33634, 'PANTANO', 12);
INSERT INTO poble VALUES (33648, 'PANTANO DEL GENERALISIMO', 46);
INSERT INTO poble VALUES (33651, 'PANTANO DEL SICHAR', 12);
INSERT INTO poble VALUES (33678, 'PAPELERA DE SAN JORGE', 46);
INSERT INTO poble VALUES (33809, 'PARADISORBA', 3);
INSERT INTO poble VALUES (33833, 'PARAJE LA SERRA', 46);
INSERT INTO poble VALUES (33881, 'PARCENT', 3);
INSERT INTO poble VALUES (33970, 'PAREDON', 3);
INSERT INTO poble VALUES (33992, 'PARQUE ANSALDO', 3);
INSERT INTO poble VALUES (33994, 'PARQUE CALABLANCA', 3);
INSERT INTO poble VALUES (34011, 'PARRA (LA)', 46);
INSERT INTO poble VALUES (34015, 'PARRAL (EL)', 12);
INSERT INTO poble VALUES (34026, 'PARRETA (LA)', 12);
INSERT INTO poble VALUES (34041, 'PARROQUIA DE LA MATANZA', 3);
INSERT INTO poble VALUES (34062, 'PARTIDA DE BAIX', 12);
INSERT INTO poble VALUES (34063, 'PARTIDA DE DALT', 12);
INSERT INTO poble VALUES (34064, 'PARTIDA DE GAUSA', 46);
INSERT INTO poble VALUES (34065, 'PARTIDA DE LA GARROFERA', 12);
INSERT INTO poble VALUES (34066, 'PARTIDA DE LES TRAHUANTES', 12);
INSERT INTO poble VALUES (34067, 'PARTIDA FORMAQ', 12);
INSERT INTO poble VALUES (34068, 'PARTIDA TANCA', 12);
INSERT INTO poble VALUES (34069, 'PARTIDA VILAR DE LA CALL', 12);
INSERT INTO poble VALUES (34127, 'PASCUALETS', 12);
INSERT INTO poble VALUES (34174, 'PATERNA', 46);
INSERT INTO poble VALUES (34218, 'PAULINES (LES)', 3);
INSERT INTO poble VALUES (34225, 'PAVIAS', 12);
INSERT INTO poble VALUES (34228, 'PAVOS', 12);
INSERT INTO poble VALUES (34239, 'PAY Y CAPELLANES', 46);
INSERT INTO poble VALUES (34259, 'PAZ (LA)', 46);
INSERT INTO poble VALUES (34328, 'PEA (LA)', 46);
INSERT INTO poble VALUES (34341, 'PEA LISA', 46);
INSERT INTO poble VALUES (34391, 'PEALVA', 12);
INSERT INTO poble VALUES (34442, 'PENISCOLA', 12);
INSERT INTO poble VALUES (34550, 'PEDRALBA', 46);
INSERT INTO poble VALUES (34622, 'PEDREGAL (EL)', 46);
INSERT INTO poble VALUES (34633, 'PEDREGUER', 3);
INSERT INTO poble VALUES (34662, 'PEDRERA (LA)', 3);
INSERT INTO poble VALUES (34693, 'PEDRIZAS', 12);
INSERT INTO poble VALUES (34727, 'PEDRONES (LOS)', 46);
INSERT INTO poble VALUES (34814, 'PEGO', 3);
INSERT INTO poble VALUES (34873, 'PELECHANETA (LA)', 12);
INSERT INTO poble VALUES (35011, 'PENAGUILA', 3);
INSERT INTO poble VALUES (35144, 'PENELLA', 3);
INSERT INTO poble VALUES (35185, 'PENYA LES AGUILES', 3);
INSERT INTO poble VALUES (35186, 'PENYETES (LES)', 3);
INSERT INTO poble VALUES (35279, 'PERCHET', 12);
INSERT INTO poble VALUES (35298, 'PEREAGUSTINS (LOS)', 12);
INSERT INTO poble VALUES (35398, 'PERELLO (EL)', 46);
INSERT INTO poble VALUES (35399, 'PERELLONET (EL)', 46);
INSERT INTO poble VALUES (35409, 'PEREZ (LOS)', 3);
INSERT INTO poble VALUES (35437, 'PERLETA (LA)', 3);
INSERT INTO poble VALUES (35596, 'PETRER', 3);
INSERT INTO poble VALUES (35597, 'PETRES', 46);
INSERT INTO poble VALUES (35615, 'PI (EL)', 3);
INSERT INTO poble VALUES (35735, 'PICA (LA)', 12);
INSERT INTO poble VALUES (35747, 'PICANYA', 46);
INSERT INTO poble VALUES (35748, 'PICAPIEDRA (LOS)', 3);
INSERT INTO poble VALUES (35755, 'PICASSENT', 46);
INSERT INTO poble VALUES (35921, 'PILAR DE LA HORADADA', 3);
INSERT INTO poble VALUES (35932, 'PILES', 46);
INSERT INTO poble VALUES (35961, 'PINA DE MONTALGRAO', 12);
INSERT INTO poble VALUES (35962, 'PINADA BOTIFARRO', 46);
INSERT INTO poble VALUES (35968, 'PINAR', 46);
INSERT INTO poble VALUES (35976, 'PINAR DE CAMPOVERDE', 3);
INSERT INTO poble VALUES (35982, 'PINAR DEL ABOGAT', 3);
INSERT INTO poble VALUES (35993, 'PINARES DEL MECLI', 3);
INSERT INTO poble VALUES (36024, 'PINEDO', 46);
INSERT INTO poble VALUES (36032, 'PINELLA', 12);
INSERT INTO poble VALUES (36034, 'PINET', 46);
INSERT INTO poble VALUES (36095, 'PINOMAR', 3);
INSERT INTO poble VALUES (36112, 'PINOSO', 3);
INSERT INTO poble VALUES (36241, 'PLA (EL)', 46);
INSERT INTO poble VALUES (36246, 'PLA DE CORBERA (EL)', 46);
INSERT INTO poble VALUES (36254, 'PLA DE LA TORRE', 12);
INSERT INTO poble VALUES (36255, 'PLA DE LES CLOTXES', 46);
INSERT INTO poble VALUES (36259, 'PLA DE SANT JOSEP', 3);
INSERT INTO poble VALUES (36265, 'PLA DEL MAR', 3);
INSERT INTO poble VALUES (36269, 'PLA DEL SABATER', 12);
INSERT INTO poble VALUES (36271, 'PLA DELS OLIVARS', 12);
INSERT INTO poble VALUES (36302, 'PLANES', 3);
INSERT INTO poble VALUES (36313, 'PLANS', 3);
INSERT INTO poble VALUES (36317, 'PLANS-GASPAROT', 3);
INSERT INTO poble VALUES (36342, 'PLAYA', 46);
INSERT INTO poble VALUES (36344, 'PLAYA (LA)', 12);
INSERT INTO poble VALUES (36351, 'PLAYA DE BELLREGUART', 46);
INSERT INTO poble VALUES (36353, 'PLAYA DE CANET', 46);
INSERT INTO poble VALUES (36354, 'PLAYA DE CHILCHES', 12);
INSERT INTO poble VALUES (36360, 'PLAYA DE NULES', 12);
INSERT INTO poble VALUES (36361, 'PLAYA DE REY', 46);
INSERT INTO poble VALUES (36373, 'PLAYA FLAMENCA', 3);
INSERT INTO poble VALUES (36378, 'PLAYA MUCHAVISTA', 3);
INSERT INTO poble VALUES (36382, 'PLAYA SAN JUAN', 3);
INSERT INTO poble VALUES (36384, 'PLAYAMONTE', 46);
INSERT INTO poble VALUES (36388, 'PLAYETAS (LAS)', 12);
INSERT INTO poble VALUES (36427, 'POBLA DE FARNALS (LA)', 46);
INSERT INTO poble VALUES (36434, 'POBLA DE VALLBONA (LA)', 46);
INSERT INTO poble VALUES (36435, 'POBLA DEL DUC (LA)', 46);
INSERT INTO poble VALUES (36436, 'POBLA LLARGA (LA)', 46);
INSERT INTO poble VALUES (36453, 'POBLADO CORTES-LA MUELA', 46);
INSERT INTO poble VALUES (36472, 'POBLADOS MARITIMOS', 12);
INSERT INTO poble VALUES (36488, 'POBLE NOU DE SANT RAFEL', 3);
INSERT INTO poble VALUES (36495, 'POBLETA (LA)', 46);
INSERT INTO poble VALUES (36592, 'POLIDO (EL)', 12);
INSERT INTO poble VALUES (36606, 'POLIGONO IND. MEDITERRANEO', 46);
INSERT INTO poble VALUES (36608, 'POLIGONO INDUSTRIAL', 12);
INSERT INTO poble VALUES (36622, 'POLINYA DE XUQUER', 46);
INSERT INTO poble VALUES (36631, 'POLOP', 3);
INSERT INTO poble VALUES (36886, 'PONTON (EL)', 46);
INSERT INTO poble VALUES (36976, 'PORT', 3);
INSERT INTO poble VALUES (36986, 'PORT SAPLAYA', 46);
INSERT INTO poble VALUES (36990, 'PORTA', 46);
INSERT INTO poble VALUES (36993, 'PORTA COELI', 46);
INSERT INTO poble VALUES (37098, 'PORTELL DE MORELLA', 12);
INSERT INTO poble VALUES (37107, 'PORTERA (LA)', 46);
INSERT INTO poble VALUES (37376, 'POTRIES', 46);
INSERT INTO poble VALUES (37378, 'POU DE ENCABAQEZ', 12);
INSERT INTO poble VALUES (37379, 'POU DE ENCALBO', 12);
INSERT INTO poble VALUES (37380, 'POU DEL COIXO', 12);
INSERT INTO poble VALUES (37382, 'POU ENSERRANS', 12);
INSERT INTO poble VALUES (37385, 'POUET', 46);
INSERT INTO poble VALUES (37450, 'POVET (EL)', 12);
INSERT INTO poble VALUES (37492, 'POZO BLANCO', 3);
INSERT INTO poble VALUES (37761, 'PRESA (LA)', 46);
INSERT INTO poble VALUES (37779, 'PRESOLA (LA)', 12);
INSERT INTO poble VALUES (37868, 'PROVIDENCIA', 46);
INSERT INTO poble VALUES (37900, 'PUCHOLS DE BAIX (ELS)', 12);
INSERT INTO poble VALUES (37901, 'PUCHOLS DE DALT (ELS)', 12);
INSERT INTO poble VALUES (37903, 'PUCOL', 3);
INSERT INTO poble VALUES (37904, 'PUCOL', 46);
INSERT INTO poble VALUES (37918, 'PUEBLA DE ALCOLEA (LA)', 12);
INSERT INTO poble VALUES (37923, 'PUEBLA DE ARENOSO', 12);
INSERT INTO poble VALUES (37928, 'PUEBLA DE BENIFASAR', 12);
INSERT INTO poble VALUES (37953, 'PUEBLA DE SAN MIGUEL', 46);
INSERT INTO poble VALUES (37976, 'PUEBLA-TORNESA', 12);
INSERT INTO poble VALUES (37986, 'PUEBLO BLANCO', 3);
INSERT INTO poble VALUES (37989, 'PUEBLO LEVANTINO', 3);
INSERT INTO poble VALUES (37993, 'PUEBLO NUEVO', 46);
INSERT INTO poble VALUES (38029, 'PUENTE D.PEDRO', 3);
INSERT INTO poble VALUES (38080, 'PUENTE LOS CIRIOS', 3);
INSERT INTO poble VALUES (38131, 'PUENTECILLA (LA)', 3);
INSERT INTO poble VALUES (38174, 'PUERTO (EL)', 46);
INSERT INTO poble VALUES (38258, 'PUIG', 46);
INSERT INTO poble VALUES (38270, 'PUIG-MOLA', 46);
INSERT INTO poble VALUES (38411, 'PUNTA PRIMA', 3);
INSERT INTO poble VALUES (38422, 'PUNTAL FORQUES', 46);
INSERT INTO poble VALUES (38481, 'QUART DE LES VALLS', 46);
INSERT INTO poble VALUES (38482, 'QUART DE POBLET', 46);
INSERT INTO poble VALUES (38483, 'QUARTELL', 46);
INSERT INTO poble VALUES (38484, 'QUATRETONDA', 46);
INSERT INTO poble VALUES (38575, 'QUESA', 46);
INSERT INTO poble VALUES (39018, 'RACHOLAR', 12);
INSERT INTO poble VALUES (39019, 'RACHOLAR DE MATILDA', 12);
INSERT INTO poble VALUES (39024, 'RACONS (ELS)', 46);
INSERT INTO poble VALUES (39029, 'RADA MORAIRA', 3);
INSERT INTO poble VALUES (39037, 'RAFAL', 3);
INSERT INTO poble VALUES (39040, 'RAFALET', 3);
INSERT INTO poble VALUES (39041, 'RAFELBUOL', 46);
INSERT INTO poble VALUES (39042, 'RAFELCOFER', 46);
INSERT INTO poble VALUES (39043, 'RAFELGUARAF', 46);
INSERT INTO poble VALUES (39044, 'RAFOL DE ALMUNIA', 3);
INSERT INTO poble VALUES (39045, 'RAFOL DE SALEM', 46);
INSERT INTO poble VALUES (39063, 'RAIGUERO (EL)', 3);
INSERT INTO poble VALUES (39067, 'RAIGUERO LEVANTE', 3);
INSERT INTO poble VALUES (39068, 'RAIGUERO PONIENTE', 3);
INSERT INTO poble VALUES (39128, 'RAMBLA', 12);
INSERT INTO poble VALUES (39154, 'RAMBLA SECA', 46);
INSERT INTO poble VALUES (39157, 'RAMBLELLES (LES)', 12);
INSERT INTO poble VALUES (39197, 'RAMONES/SORIANOS', 3);
INSERT INTO poble VALUES (39311, 'RASPEIG', 3);
INSERT INTO poble VALUES (39324, 'RATILS', 12);
INSERT INTO poble VALUES (39335, 'RAVAL', 46);
INSERT INTO poble VALUES (39400, 'REAL DE GANDIA', 46);
INSERT INTO poble VALUES (39402, 'REAL DE MONTROY', 46);
INSERT INTO poble VALUES (39413, 'REALENGO (EL)', 3);
INSERT INTO poble VALUES (39415, 'REALENGO (EL)', 46);
INSERT INTO poble VALUES (39421, 'REBALSO (EL)', 3);
INSERT INTO poble VALUES (39457, 'REBOLLAR (EL)', 46);
INSERT INTO poble VALUES (39466, 'REBOLLEDO', 3);
INSERT INTO poble VALUES (39679, 'REDOVAN', 3);
INSERT INTO poble VALUES (39697, 'REFUGIO (EL)', 12);
INSERT INTO poble VALUES (39740, 'REGIA (LA)', 3);
INSERT INTO poble VALUES (39982, 'RELLANO-CDA. JACINTO', 46);
INSERT INTO poble VALUES (39986, 'RELLEU', 3);
INSERT INTO poble VALUES (40002, 'REMEDIO (EL)', 46);
INSERT INTO poble VALUES (40124, 'REQUENA', 46);
INSERT INTO poble VALUES (40165, 'RESPIRALL (EL)', 46);
INSERT INTO poble VALUES (40398, 'RIBA-ROJA DE TURIA', 46);
INSERT INTO poble VALUES (40578, 'RIBESALBES', 12);
INSERT INTO poble VALUES (40642, 'RIERA (LA)', 12);
INSERT INTO poble VALUES (40687, 'RINCON (EL)', 3);
INSERT INTO poble VALUES (40711, 'RINCON DE LOS PABLOS', 3);
INSERT INTO poble VALUES (40716, 'RINCON DE SECA', 3);
INSERT INTO poble VALUES (40836, 'RIO SONELLA', 12);
INSERT INTO poble VALUES (40909, 'RIOLA', 46);
INSERT INTO poble VALUES (40958, 'RIOS DE ABAJO', 12);
INSERT INTO poble VALUES (40959, 'RIOS DE ARRIBA', 12);
INSERT INTO poble VALUES (41006, 'RIQUELME/CAPIRULOS', 3);
INSERT INTO poble VALUES (41018, 'RIU-RAU', 46);
INSERT INTO poble VALUES (41192, 'ROCA (LA)', 12);
INSERT INTO poble VALUES (41206, 'ROCAFORT', 46);
INSERT INTO poble VALUES (41291, 'RODENO (EL)', 46);
INSERT INTO poble VALUES (41337, 'RODRIGUILLO', 3);
INSERT INTO poble VALUES (41365, 'ROJALES', 3);
INSERT INTO poble VALUES (41380, 'ROMA', 46);
INSERT INTO poble VALUES (41390, 'ROMANA (LA)', 3);
INSERT INTO poble VALUES (41395, 'ROMANETA (LA)', 3);
INSERT INTO poble VALUES (41398, 'ROMANI (EL)', 46);
INSERT INTO poble VALUES (41434, 'ROMERAL', 3);
INSERT INTO poble VALUES (41436, 'ROMERAL', 46);
INSERT INTO poble VALUES (41504, 'ROQUES DE LLAO', 12);
INSERT INTO poble VALUES (41565, 'ROSELL', 12);
INSERT INTO poble VALUES (6497, 'BIAR', 3);
INSERT INTO poble VALUES (6500, 'BIBIOJ', 12);
INSERT INTO poble VALUES (6505, 'BICORP', 46);
INSERT INTO poble VALUES (6551, 'BIGASTRO', 3);
INSERT INTO poble VALUES (6711, 'BOCAIRENT', 46);
INSERT INTO poble VALUES (6735, 'BODEGA (LA)', 12);
INSERT INTO poble VALUES (6737, 'BODEGA VANACLOIG', 46);
INSERT INTO poble VALUES (6808, 'BOJAR', 12);
INSERT INTO poble VALUES (6820, 'BOLBAITE', 46);
INSERT INTO poble VALUES (6855, 'BOLULLA', 3);
INSERT INTO poble VALUES (6861, 'BON ANY', 3);
INSERT INTO poble VALUES (6871, 'BONANOVA', 3);
INSERT INTO poble VALUES (6876, 'BONANZA (RINCON DE)', 3);
INSERT INTO poble VALUES (6882, 'BONAVISTA', 3);
INSERT INTO poble VALUES (6885, 'BONAVISTA', 46);
INSERT INTO poble VALUES (6892, 'BONETA (LA)', 12);
INSERT INTO poble VALUES (6904, 'BONREPOS Y MIRAMBELL', 46);
INSERT INTO poble VALUES (6916, 'BOQUERES', 3);
INSERT INTO poble VALUES (6928, 'BORBOTO', 46);
INSERT INTO poble VALUES (6940, 'BORDES', 3);
INSERT INTO poble VALUES (7025, 'BORRIOL', 12);
INSERT INTO poble VALUES (7028, 'BORSERAL (EL)', 12);
INSERT INTO poble VALUES (7176, 'BOVALAR', 12);
INSERT INTO poble VALUES (7177, 'BOVALAR', 46);
INSERT INTO poble VALUES (7475, 'BROSQUIL (EL)', 46);
INSERT INTO poble VALUES (7524, 'BRUSALET (EL)', 12);
INSERT INTO poble VALUES (7530, 'BUOL', 46);
INSERT INTO poble VALUES (7612, 'BUFALI', 46);
INSERT INTO poble VALUES (7625, 'BUGARRA', 46);
INSERT INTO poble VALUES (7755, 'BURJASSOT', 46);
INSERT INTO poble VALUES (7766, 'BURRIANA', 12);
INSERT INTO poble VALUES (7817, 'BUSOT', 3);
INSERT INTO poble VALUES (7947, 'CAADA', 3);
INSERT INTO poble VALUES (7950, 'CAADA (LA)', 12);
INSERT INTO poble VALUES (7954, 'CAADA (LA)', 46);
INSERT INTO poble VALUES (7989, 'CAADA DEL PRAET', 3);
INSERT INTO poble VALUES (7994, 'CAADA DEL TRIGO', 3);
INSERT INTO poble VALUES (44222, 'SANTA FAZ', 3);
INSERT INTO poble VALUES (44223, 'SANTA FAZ (LA)', 3);
INSERT INTO poble VALUES (44289, 'SANTA MAGDALENA DE PULPIS', 12);
INSERT INTO poble VALUES (44324, 'SANTA MARIA DE BONAIRE', 46);
INSERT INTO poble VALUES (44405, 'SANTA MARINA', 46);
INSERT INTO poble VALUES (44452, 'SANTA POLA', 3);
INSERT INTO poble VALUES (44454, 'SANTA QUITERIA', 12);
INSERT INTO poble VALUES (44554, 'SANTES (LES)', 12);
INSERT INTO poble VALUES (44763, 'SANTOS (LOS)', 46);
INSERT INTO poble VALUES (44905, 'SARRATELLA', 12);
INSERT INTO poble VALUES (44943, 'SARVA', 46);
INSERT INTO poble VALUES (44961, 'SASTRE DEL REY', 12);
INSERT INTO poble VALUES (45004, 'SAX', 3);
INSERT INTO poble VALUES (45096, 'SECANO (EL)', 12);
INSERT INTO poble VALUES (45110, 'SEDAVI', 46);
INSERT INTO poble VALUES (45132, 'SEGART', 46);
INSERT INTO poble VALUES (45135, 'SEGORBE', 12);
INSERT INTO poble VALUES (45269, 'SELLA', 3);
INSERT INTO poble VALUES (45273, 'SELLENT', 46);
INSERT INTO poble VALUES (45303, 'SEMPERE', 46);
INSERT INTO poble VALUES (45335, 'SENIJA', 3);
INSERT INTO poble VALUES (45365, 'SENYERA', 46);
INSERT INTO poble VALUES (45468, 'SERRA', 46);
INSERT INTO poble VALUES (45549, 'SERVERES', 3);
INSERT INTO poble VALUES (45571, 'SESGA', 46);
INSERT INTO poble VALUES (45616, 'SETLA', 3);
INSERT INTO poble VALUES (45618, 'SETLA-MIRARROSA Y MIRAFLOR', 3);
INSERT INTO poble VALUES (45695, 'SIERRA ALTEA', 3);
INSERT INTO poble VALUES (45703, 'SIERRA DE SALINAS', 3);
INSERT INTO poble VALUES (45715, 'SIERRA-ENGARCERAN', 12);
INSERT INTO poble VALUES (45716, 'SIERRA-MAR', 46);
INSERT INTO poble VALUES (45726, 'SIETE AGUAS', 46);
INSERT INTO poble VALUES (45728, 'SIETE CASAS (LAS)', 3);
INSERT INTO poble VALUES (45735, 'SIFON', 46);
INSERT INTO poble VALUES (45748, 'SIJAR DE BAIX', 12);
INSERT INTO poble VALUES (45758, 'SILLA', 46);
INSERT INTO poble VALUES (45835, 'SIMAT DE VALLDIGNA', 46);
INSERT INTO poble VALUES (45844, 'SINARCAS', 46);
INSERT INTO poble VALUES (46072, 'SOCARRAT', 46);
INSERT INTO poble VALUES (46101, 'SOGORB LO', 3);
INSERT INTO poble VALUES (46119, 'SOL DEL ESTE', 3);
INSERT INTO poble VALUES (46120, 'SOL Y LUZ', 3);
INSERT INTO poble VALUES (46121, 'SOL Y MAR', 3);
INSERT INTO poble VALUES (46122, 'SOL, MAR Y NARANJOS', 46);
INSERT INTO poble VALUES (46128, 'SOLADES', 12);
INSERT INTO poble VALUES (46140, 'SOLANA (LA)', 3);
INSERT INTO poble VALUES (46221, 'SOLLANA', 46);
INSERT INTO poble VALUES (46332, 'SONEJA', 12);
INSERT INTO poble VALUES (46376, 'SORIO', 46);
INSERT INTO poble VALUES (46414, 'SOS', 46);
INSERT INTO poble VALUES (46423, 'SOT DE CHERA', 46);
INSERT INTO poble VALUES (46424, 'SOT DE FERRER', 12);
INSERT INTO poble VALUES (46432, 'SOTAYA', 46);
INSERT INTO poble VALUES (46728, 'SUECA', 46);
INSERT INTO poble VALUES (46740, 'SUERAS', 12);
INSERT INTO poble VALUES (46764, 'SUMACARCEL', 46);
INSERT INTO poble VALUES (47009, 'TALES', 12);
INSERT INTO poble VALUES (47090, 'TANGEL', 3);
INSERT INTO poble VALUES (47091, 'TANGER (EL)', 46);
INSERT INTO poble VALUES (47158, 'TARBENA', 3);
INSERT INTO poble VALUES (47241, 'TAVERNES BLANQUES', 46);
INSERT INTO poble VALUES (47242, 'TAVERNES DE LA VALLDIGNA', 46);
INSERT INTO poble VALUES (47255, 'TEADA', 12);
INSERT INTO poble VALUES (47509, 'TERESA', 12);
INSERT INTO poble VALUES (47510, 'TERESA DE COFRENTES', 46);
INSERT INTO poble VALUES (47537, 'TERRAMELAR', 46);
INSERT INTO poble VALUES (47540, 'TERRATEIG', 46);
INSERT INTO poble VALUES (47577, 'TESORO DE JAVEA', 3);
INSERT INTO poble VALUES (47583, 'TEULADA', 3);
INSERT INTO poble VALUES (47612, 'TIBI', 3);
INSERT INTO poble VALUES (47644, 'TIESAS (LAS)', 3);
INSERT INTO poble VALUES (47715, 'TIRIG', 12);
INSERT INTO poble VALUES (47721, 'TIS (EL)', 12);
INSERT INTO poble VALUES (47726, 'TITAGUAS', 46);
INSERT INTO poble VALUES (47773, 'TOCHAR', 46);
INSERT INTO poble VALUES (47777, 'TODOLELLA', 12);
INSERT INTO poble VALUES (47788, 'TOGA', 12);
INSERT INTO poble VALUES (47841, 'TOLLOS', 3);
INSERT INTO poble VALUES (47886, 'TON FERRER', 46);
INSERT INTO poble VALUES (47924, 'TORAS', 12);
INSERT INTO poble VALUES (47989, 'TORMO (EL)', 12);
INSERT INTO poble VALUES (47991, 'TORMOS', 3);
INSERT INTO poble VALUES (48037, 'TORO (EL)', 12);
INSERT INTO poble VALUES (48065, 'TORRALBA DEL PINAR', 12);
INSERT INTO poble VALUES (48092, 'TORRE (LA)', 46);
INSERT INTO poble VALUES (48103, 'TORRE BAJA', 46);
INSERT INTO poble VALUES (48106, 'TORRE CERDA', 46);
INSERT INTO poble VALUES (48124, 'TORRE DE EMBESORA', 12);
INSERT INTO poble VALUES (48125, 'TORRE DE ENDOMENECH', 12);
INSERT INTO poble VALUES (48135, 'TORRE DE LA HORADADA', 3);
INSERT INTO poble VALUES (48141, 'TORRE DE MATELLA', 12);
INSERT INTO poble VALUES (48148, 'TORRE DE PORTA COELI', 46);
INSERT INTO poble VALUES (48156, 'TORRE DEL CABO', 46);
INSERT INTO poble VALUES (48171, 'TORRE LA SAL', 12);
INSERT INTO poble VALUES (48173, 'TORRE LLORIS', 46);
INSERT INTO poble VALUES (48192, 'TORRE-BELTRAN', 12);
INSERT INTO poble VALUES (48201, 'TORREALTA', 46);
INSERT INTO poble VALUES (48211, 'TORREBLANCA', 12);
INSERT INTO poble VALUES (48217, 'TORREBONANZA I', 3);
INSERT INTO poble VALUES (48218, 'TORREBONANZA II', 3);
INSERT INTO poble VALUES (48227, 'TORRECHIVA', 12);
INSERT INTO poble VALUES (48309, 'TORRELLA', 46);
INSERT INTO poble VALUES (48310, 'TORRELLANO', 3);
INSERT INTO poble VALUES (48318, 'TORREMANZANAS', 3);
INSERT INTO poble VALUES (48322, 'TORREMENDO', 3);
INSERT INTO poble VALUES (48338, 'TORRENOSTRA', 12);
INSERT INTO poble VALUES (48340, 'TORRENT', 46);
INSERT INTO poble VALUES (48341, 'TORRENT DE FENOLLET', 46);
INSERT INTO poble VALUES (48368, 'TORRES', 3);
INSERT INTO poble VALUES (48395, 'TORRES DE MAR', 46);
INSERT INTO poble VALUES (48402, 'TORRES-TORRES', 46);
INSERT INTO poble VALUES (48414, 'TORRETAS (LAS)', 3);
INSERT INTO poble VALUES (48416, 'TORRETES', 3);
INSERT INTO poble VALUES (48417, 'TORRETXO (EL)', 46);
INSERT INTO poble VALUES (48424, 'TORREVIEJA', 3);
INSERT INTO poble VALUES (48478, 'TOSAL (EL)', 46);
INSERT INTO poble VALUES (48479, 'TOSALET', 3);
INSERT INTO poble VALUES (48480, 'TOSALET', 12);
INSERT INTO poble VALUES (48481, 'TOSALET (EL)', 12);
INSERT INTO poble VALUES (48482, 'TOSALNOU', 46);
INSERT INTO poble VALUES (48489, 'TOSCAL', 3);
INSERT INTO poble VALUES (48507, 'TOSSOL GROS D''EN CARROS', 46);
INSERT INTO poble VALUES (48550, 'TOUS', 46);
INSERT INTO poble VALUES (48660, 'TRAIGUERA', 12);
INSERT INTO poble VALUES (48906, 'TREMOLAR (EL)', 46);
INSERT INTO poble VALUES (48910, 'TRENCAES', 12);
INSERT INTO poble VALUES (48911, 'TRENCALL', 3);
INSERT INTO poble VALUES (48925, 'TRES FUENTES', 3);
INSERT INTO poble VALUES (49067, 'TROS ALT', 46);
INSERT INTO poble VALUES (49117, 'TUEJAR', 46);
INSERT INTO poble VALUES (49164, 'TURBALLOS', 3);
INSERT INTO poble VALUES (49180, 'TURIS', 46);
INSERT INTO poble VALUES (49190, 'TURQUIA', 46);
INSERT INTO poble VALUES (49222, 'UBEDA', 3);
INSERT INTO poble VALUES (49371, 'URB. LLANOREL', 46);
INSERT INTO poble VALUES (49372, 'URB. STA. BARBARA', 46);
INSERT INTO poble VALUES (49376, 'URBAN. I. TOMAS', 46);
INSERT INTO poble VALUES (49488, 'URBANIZACION BELLA ORCHETA', 3);
INSERT INTO poble VALUES (49500, 'URBANIZACION CUMBRES SAN ANTONIO', 46);
INSERT INTO poble VALUES (49503, 'URBANIZACION EL PANTANO', 12);
INSERT INTO poble VALUES (49504, 'URBANIZACION EL TOMILLAR', 12);
INSERT INTO poble VALUES (49510, 'URBANIZACION LA COMA', 12);
INSERT INTO poble VALUES (49515, 'URBANIZACION LLADRO', 46);
INSERT INTO poble VALUES (49517, 'URBANIZACION MAIGMO', 3);
INSERT INTO poble VALUES (49520, 'URBANIZACION MASIA GAETA', 12);
INSERT INTO poble VALUES (49525, 'URBANIZACION MONTES DE PALANCIA', 46);
INSERT INTO poble VALUES (49530, 'URBANIZACION PRIMERA F', 46);
INSERT INTO poble VALUES (49535, 'URBANIZACION SAN BLAS', 46);
INSERT INTO poble VALUES (49538, 'URBANIZACION SEGUNDA F', 46);
INSERT INTO poble VALUES (49539, 'URBANIZACION TERCERA F', 46);
INSERT INTO poble VALUES (49540, 'URBANIZACION TORRES I', 3);
INSERT INTO poble VALUES (49541, 'URBANIZACION TORRES II', 3);
INSERT INTO poble VALUES (49545, 'URBANIZACION VIRGEN DE LA ESTRELLA', 46);
INSERT INTO poble VALUES (49547, 'URBANOVA', 3);
INSERT INTO poble VALUES (49662, 'USERAS', 12);
INSERT INTO poble VALUES (49679, 'UTIEL', 46);
INSERT INTO poble VALUES (49765, 'VAL DE LA SABINA (EL)', 46);
INSERT INTO poble VALUES (50172, 'VALENCIA', 46);
INSERT INTO poble VALUES (50269, 'VALL D''ALBA', 12);
INSERT INTO poble VALUES (50272, 'VALL D''UMBRI', 12);
INSERT INTO poble VALUES (50273, 'VALL DE ALCALA', 3);
INSERT INTO poble VALUES (50274, 'VALL DE ALMONACID', 12);
INSERT INTO poble VALUES (50277, 'VALL DE EBO', 3);
INSERT INTO poble VALUES (50278, 'VALL DE GALLINERA', 3);
INSERT INTO poble VALUES (50279, 'VALL DE LAGUART', 3);
INSERT INTO poble VALUES (50281, 'VALL DE UXO', 12);
INSERT INTO poble VALUES (50287, 'VALLADA', 46);
INSERT INTO poble VALUES (50298, 'VALLANCA', 46);
INSERT INTO poble VALUES (50300, 'VALLAT', 12);
INSERT INTO poble VALUES (50393, 'VALLE DEL SOL', 3);
INSERT INTO poble VALUES (50434, 'VALLES', 46);
INSERT INTO poble VALUES (50455, 'VALLETES (LES)', 46);
INSERT INTO poble VALUES (50464, 'VALLIBONA', 12);
INSERT INTO poble VALUES (50482, 'VALLIVANA', 12);
INSERT INTO poble VALUES (50491, 'VALLONGA', 3);
INSERT INTO poble VALUES (50513, 'VALLVERDA', 3);
INSERT INTO poble VALUES (50514, 'VALLVERDA ALTO', 3);
INSERT INTO poble VALUES (50515, 'VALLVERDA BAJO', 3);
INSERT INTO poble VALUES (50691, 'VEDAT (EL)', 46);
INSERT INTO poble VALUES (50718, 'VEGA (LA)', 46);
INSERT INTO poble VALUES (51127, 'VENECIA', 46);
INSERT INTO poble VALUES (51165, 'VENTA DE SAN ANTONIO-ESTACION', 12);
INSERT INTO poble VALUES (51178, 'VENTA DEL MORO', 46);
INSERT INTO poble VALUES (51190, 'VENTA GAETA', 46);
INSERT INTO poble VALUES (51247, 'VENTAS DEL POYO', 46);
INSERT INTO poble VALUES (51256, 'VENTES (LES)', 12);
INSERT INTO poble VALUES (51277, 'VENTORRILLO (EL)', 12);
INSERT INTO poble VALUES (51338, 'VEO', 12);
INSERT INTO poble VALUES (51365, 'VERDEGAS', 3);
INSERT INTO poble VALUES (51399, 'VEREDA DE LOS CUBOS', 3);
INSERT INTO poble VALUES (51403, 'VEREDA SERRANOS', 3);
INSERT INTO poble VALUES (51421, 'VERGEL', 3);
INSERT INTO poble VALUES (51534, 'VIQUELAS', 46);
INSERT INTO poble VALUES (51655, 'VIDRIERA (LA)', 46);
INSERT INTO poble VALUES (52073, 'VILANOVA', 46);
INSERT INTO poble VALUES (52589, 'VILELLA', 46);
INSERT INTO poble VALUES (52778, 'VILLAFAMES', 12);
INSERT INTO poble VALUES (52808, 'VILLAFRANCA DEL CID', 12);
INSERT INTO poble VALUES (52814, 'VILLAFRANQUEZA', 3);
INSERT INTO poble VALUES (52869, 'VILLAHERMOSA DEL RIO', 12);
INSERT INTO poble VALUES (52883, 'VILLAJOYOSA', 3);
INSERT INTO poble VALUES (52975, 'VILLALONGA', 46);
INSERT INTO poble VALUES (53003, 'VILLAMALUR', 12);
INSERT INTO poble VALUES (53018, 'VILLAMARCHANTE', 46);
INSERT INTO poble VALUES (53026, 'VILLAMARTIN', 3);
INSERT INTO poble VALUES (53096, 'VILLAMONTES', 3);
INSERT INTO poble VALUES (53163, 'VILLANUEVA DE ALCOLEA', 12);
INSERT INTO poble VALUES (53178, 'VILLANUEVA DE CASTELLON', 46);
INSERT INTO poble VALUES (53244, 'VILLANUEVA DE VIVER', 12);
INSERT INTO poble VALUES (53311, 'VILLAPORTES', 3);
INSERT INTO poble VALUES (53351, 'VILLAR DE CANES', 12);
INSERT INTO poble VALUES (53392, 'VILLAR DE OLMOS', 46);
INSERT INTO poble VALUES (53414, 'VILLAR DE TEJAS', 46);
INSERT INTO poble VALUES (53423, 'VILLAR DEL ARZOBISPO', 46);
INSERT INTO poble VALUES (53520, 'VILLARGORDO DEL CABRIEL', 46);
INSERT INTO poble VALUES (53596, 'VILLARREAL', 12);
INSERT INTO poble VALUES (53643, 'VILLAS (LAS)', 12);
INSERT INTO poble VALUES (53717, 'VILLATORCAS', 12);
INSERT INTO poble VALUES (53800, 'VILLAVIEJA', 12);
INSERT INTO poble VALUES (53837, 'VILLENA', 3);
INSERT INTO poble VALUES (53860, 'VILLORES', 12);
INSERT INTO poble VALUES (53949, 'VINALESA', 46);
INSERT INTO poble VALUES (53951, 'VINAROS', 12);
INSERT INTO poble VALUES (53954, 'VINCLE (EL)', 3);
INSERT INTO poble VALUES (53998, 'VIRGEN DE GRACIA', 12);
INSERT INTO poble VALUES (54007, 'VIRGEN DE MONSERRAT', 46);
INSERT INTO poble VALUES (54008, 'VIRGEN DEL CAMINO', 3);
INSERT INTO poble VALUES (54028, 'VIRTUDES (LAS)', 3);
INSERT INTO poble VALUES (54089, 'VISTABELLA', 12);
INSERT INTO poble VALUES (54092, 'VISTABELLA DEL MAESTRAZGO', 12);
INSERT INTO poble VALUES (54093, 'VISTAHERMOSA', 3);
INSERT INTO poble VALUES (54102, 'VISTALMAR', 3);
INSERT INTO poble VALUES (54157, 'VIVER', 12);
INSERT INTO poble VALUES (54196, 'VIZCOTA', 46);
INSERT INTO poble VALUES (54204, 'VOLAOR (EL)', 3);
INSERT INTO poble VALUES (54280, 'XATIVA', 46);
INSERT INTO poble VALUES (54313, 'XERACO', 46);
INSERT INTO poble VALUES (54320, 'XERESA', 46);
INSERT INTO poble VALUES (54427, 'XIRIVELLA', 46);
INSERT INTO poble VALUES (54538, 'YATOVA', 46);
INSERT INTO poble VALUES (54580, 'YESA (LA)', 46);
INSERT INTO poble VALUES (54581, 'YESERA (LA)', 3);
INSERT INTO poble VALUES (54634, 'ZAFRA (LA)', 3);
INSERT INTO poble VALUES (54756, 'ZARRA', 46);
INSERT INTO poble VALUES (54813, 'ZENIA (LA)', 3);
INSERT INTO poble VALUES (54870, 'ZORITA DEL MAESTRAZGO', 12);
INSERT INTO poble VALUES (54909, 'ZUCAINA', 12);


--
-- TOC entry 1824 (class 0 OID 16577)
-- Dependencies: 141
-- Data for Name: provincia; Type: TABLE DATA; Schema: public; Owner: factura
--

INSERT INTO provincia VALUES (3, 'ALACANT');
INSERT INTO provincia VALUES (46, 'VALNCIA');
INSERT INTO provincia VALUES (12, 'CASTELL');


--
-- TOC entry 1827 (class 0 OID 16602)
-- Dependencies: 144
-- Data for Name: venedor; Type: TABLE DATA; Schema: public; Owner: factura
--

INSERT INTO venedor VALUES (5, 'GUILLEN VILLALONGA, NATALIA', 'SANT JOSEP, 110', 12001, 12309, 105);
INSERT INTO venedor VALUES (55, 'VALERO GARCIA, TERESA', 'CLAPISA, 147-15', 50054, 50172, 255);
INSERT INTO venedor VALUES (105, 'POY OMELLA, PALOMA', 'SANCHIS TARAZONA, 103-1', 12015, 26844, NULL);
INSERT INTO venedor VALUES (155, 'RUBERT CANO, DIEGO GUILLERMO', 'BENICARLO RESIDENCIAL, 154', 12020, 6071, 5);
INSERT INTO venedor VALUES (455, 'AGOST TIRADO, JORGE VICTOR', 'PASAJE PEAGOLOSA, 21-19', 12060, 54089, 5);
INSERT INTO venedor VALUES (255, 'DANIEL MIRALLES, SERGIO', 'CORTS VALENCIANES, 177-14', 12067, 54157, 105);
INSERT INTO venedor VALUES (205, 'CORBATO CARUANA, JOSE JUSTO', 'HISTORIADOR BETI, 200', 3903, 35921, 255);
INSERT INTO venedor VALUES (305, 'PEREZ CEBRIA, IGNACIO DIEGO', 'TOMBATOSSALS, 176-8', 12005, 12309, 405);
INSERT INTO venedor VALUES (405, 'ROCA FAURA, ANTONIO DIEGO', 'POU DEN CALVO,31', 12030, 49662, 105);
INSERT INTO venedor VALUES (355, 'VIDAL DIEZ, JOSE', 'PLAZA ESPAA, 33-19', 3380, 42919, 405);


--
-- TOC entry 1812 (class 2606 OID 16641)
-- Dependencies: 146 146
-- Name: cp_art; Type: CONSTRAINT; Schema: public; Owner: factura; Tablespace: 
--

ALTER TABLE ONLY article
    ADD CONSTRAINT cp_art PRIMARY KEY (cod_a);


--
-- TOC entry 1800 (class 2606 OID 16566)
-- Dependencies: 140 140
-- Name: cp_cat; Type: CONSTRAINT; Schema: public; Owner: factura; Tablespace: 
--

ALTER TABLE ONLY categoria
    ADD CONSTRAINT cp_cat PRIMARY KEY (cod_cat);


--
-- TOC entry 1806 (class 2606 OID 16596)
-- Dependencies: 143 143
-- Name: cp_cli; Type: CONSTRAINT; Schema: public; Owner: factura; Tablespace: 
--

ALTER TABLE ONLY client
    ADD CONSTRAINT cp_cli PRIMARY KEY (cod_cli);


--
-- TOC entry 1810 (class 2606 OID 16621)
-- Dependencies: 145 145
-- Name: cp_fac; Type: CONSTRAINT; Schema: public; Owner: factura; Tablespace: 
--

ALTER TABLE ONLY factura
    ADD CONSTRAINT cp_fac PRIMARY KEY (num_f);


--
-- TOC entry 1814 (class 2606 OID 16651)
-- Dependencies: 147 147 147
-- Name: cp_lin; Type: CONSTRAINT; Schema: public; Owner: factura; Tablespace: 
--

ALTER TABLE ONLY linia_fac
    ADD CONSTRAINT cp_lin PRIMARY KEY (num_f, num_l);


--
-- TOC entry 1804 (class 2606 OID 16586)
-- Dependencies: 142 142
-- Name: cp_pob; Type: CONSTRAINT; Schema: public; Owner: factura; Tablespace: 
--

ALTER TABLE ONLY poble
    ADD CONSTRAINT cp_pob PRIMARY KEY (cod_pob);


--
-- TOC entry 1802 (class 2606 OID 16581)
-- Dependencies: 141 141
-- Name: cp_pro; Type: CONSTRAINT; Schema: public; Owner: factura; Tablespace: 
--

ALTER TABLE ONLY provincia
    ADD CONSTRAINT cp_pro PRIMARY KEY (cod_pro);


--
-- TOC entry 1808 (class 2606 OID 16606)
-- Dependencies: 144 144
-- Name: cp_ven; Type: CONSTRAINT; Schema: public; Owner: factura; Tablespace: 
--

ALTER TABLE ONLY venedor
    ADD CONSTRAINT cp_ven PRIMARY KEY (cod_ven);


--
-- TOC entry 1821 (class 2606 OID 16642)
-- Dependencies: 146 1799 140
-- Name: ce_art_cat; Type: FK CONSTRAINT; Schema: public; Owner: factura
--

ALTER TABLE ONLY article
    ADD CONSTRAINT ce_art_cat FOREIGN KEY (cod_cat) REFERENCES categoria(cod_cat);


--
-- TOC entry 1816 (class 2606 OID 16597)
-- Dependencies: 142 143 1803
-- Name: ce_cli_pob; Type: FK CONSTRAINT; Schema: public; Owner: factura
--

ALTER TABLE ONLY client
    ADD CONSTRAINT ce_cli_pob FOREIGN KEY (cod_pob) REFERENCES poble(cod_pob);


--
-- TOC entry 1819 (class 2606 OID 16622)
-- Dependencies: 145 1805 143
-- Name: ce_fac_cli; Type: FK CONSTRAINT; Schema: public; Owner: factura
--

ALTER TABLE ONLY factura
    ADD CONSTRAINT ce_fac_cli FOREIGN KEY (cod_cli) REFERENCES client(cod_cli);


--
-- TOC entry 1820 (class 2606 OID 16627)
-- Dependencies: 145 1807 144
-- Name: ce_fac_ven; Type: FK CONSTRAINT; Schema: public; Owner: factura
--

ALTER TABLE ONLY factura
    ADD CONSTRAINT ce_fac_ven FOREIGN KEY (cod_ven) REFERENCES venedor(cod_ven);


--
-- TOC entry 1822 (class 2606 OID 16652)
-- Dependencies: 147 1811 146
-- Name: ce_lin_art; Type: FK CONSTRAINT; Schema: public; Owner: factura
--

ALTER TABLE ONLY linia_fac
    ADD CONSTRAINT ce_lin_art FOREIGN KEY (cod_a) REFERENCES article(cod_a);


--
-- TOC entry 1815 (class 2606 OID 16587)
-- Dependencies: 142 141 1801
-- Name: ce_pob_pro; Type: FK CONSTRAINT; Schema: public; Owner: factura
--

ALTER TABLE ONLY poble
    ADD CONSTRAINT ce_pob_pro FOREIGN KEY (cod_pro) REFERENCES provincia(cod_pro);


--
-- TOC entry 1817 (class 2606 OID 16607)
-- Dependencies: 1803 142 144
-- Name: ce_ven_pob; Type: FK CONSTRAINT; Schema: public; Owner: factura
--

ALTER TABLE ONLY venedor
    ADD CONSTRAINT ce_ven_pob FOREIGN KEY (cod_pob) REFERENCES poble(cod_pob);


--
-- TOC entry 1818 (class 2606 OID 16658)
-- Dependencies: 144 144 1807
-- Name: ce_ven_ven; Type: FK CONSTRAINT; Schema: public; Owner: factura
--

ALTER TABLE ONLY venedor
    ADD CONSTRAINT ce_ven_ven FOREIGN KEY (cod_cap) REFERENCES venedor(cod_ven);


-- Completed on 2012-05-13 20:14:15

--
-- PostgreSQL database dump complete
--

